<?xml version='1.0' standalone='yes' ?>
<LVData xmlns="http://www.ni.com/LVData">
<Version>14.0</Version>
<Object>
<Name>Cloned Robot</Name>
<NumLevels>1</NumLevels>
<Class>NI_Robotics_Simulator.lvlib:ODESimulator_Base_Robot.lvclass</Class>
<Version>1.0.0.17</Version>
<Cluster>
<Name>ODESimulator_Base_Robot.lvclass</Name>
<NumElts>12</NumElts>
<String>
<Name>ID</Name>
<Val>kobukiRobot</Val>
</String>
<String>
<Name>Type</Name>
<Val></Val>
</String>
<Cluster>
<Name>Position</Name>
<NumElts>3</NumElts>
<SGL>
<Name>X</Name>
<Val>0.00000</Val>
</SGL>
<SGL>
<Name>Y</Name>
<Val>0.00000</Val>
</SGL>
<SGL>
<Name>Z</Name>
<Val>0.00000</Val>
</SGL>
</Cluster>
<Cluster>
<Name>Rotation</Name>
<NumElts>2</NumElts>
<Cluster>
<Name>Axis</Name>
<NumElts>3</NumElts>
<SGL>
<Name>X</Name>
<Val>0.00000</Val>
</SGL>
<SGL>
<Name>Y</Name>
<Val>0.00000</Val>
</SGL>
<SGL>
<Name>Z</Name>
<Val>1.00000</Val>
</SGL>
</Cluster>
<SGL>
<Name>Angle</Name>
<Val>0.00000</Val>
</SGL>
</Cluster>
<Array>
<Name>Sensors</Name>
<Dimsize>9</Dimsize>
<Object>
<Name>NI_Robotics_Simulator.lvlib:ODESimulator_Base_Sensor.lvclass</Name>
<NumLevels>2</NumLevels>
<Class>NI_Robotics_Simulator.lvlib:ODESimulator_Distance.lvclass</Class>
<Version>1.0.0.4</Version>
<Version>1.0.0.8</Version>
<Cluster>
<Name>ODESimulator_Base_Sensor.lvclass</Name>
<NumElts>10</NumElts>
<String>
<Name>ID</Name>
<Val>Cliff_Sensor_Right</Val>
</String>
<String>
<Name>Type</Name>
<Val>Cliff_Sensor</Val>
</String>
<String>
<Name>Owner ID</Name>
<Val>kobukiRobot</Val>
</String>
<String>
<Name>Servo ID</Name>
<Val></Val>
</String>
<Object>
<Name>Base Prop</Name>
<NumLevels>2</NumLevels>
<Class>NI_Robotics_Simulator.lvlib:3D_Physics_Box.lvclass</Class>
<Version>1.0.0.1</Version>
<Version>1.0.0.16</Version>
<Cluster>
<Name>3D_Physics_Base.lvclass</Name>
<NumElts>18</NumElts>
<String>
<Name>ID</Name>
<Val>Cliff_Sensor_Right</Val>
</String>
<Cluster>
<Name>Position</Name>
<NumElts>3</NumElts>
<SGL>
<Name>X</Name>
<Val>0.13704</Val>
</SGL>
<SGL>
<Name>Y</Name>
<Val>0.10000</Val>
</SGL>
<SGL>
<Name>Z</Name>
<Val>1.00000E-2</Val>
</SGL>
</Cluster>
<Cluster>
<Name>Rotation</Name>
<NumElts>2</NumElts>
<Cluster>
<Name>Axis</Name>
<NumElts>3</NumElts>
<SGL>
<Name>X</Name>
<Val>6.65928E-8</Val>
</SGL>
<SGL>
<Name>Y</Name>
<Val>-0.70711</Val>
</SGL>
<SGL>
<Name>Z</Name>
<Val>0.70711</Val>
</SGL>
</Cluster>
<SGL>
<Name>Angle</Name>
<Val>3.14159</Val>
</SGL>
</Cluster>
<SGL>
<Name>Mass</Name>
<Val>0.10000</Val>
</SGL>
<Array>
<Name>Mass Center</Name>
<Dimsize>3</Dimsize>
<SGL>
<Name>num</Name>
<Val>0.00000</Val>
</SGL>
<SGL>
<Name>num</Name>
<Val>0.00000</Val>
</SGL>
<SGL>
<Name>num</Name>
<Val>0.00000</Val>
</SGL>
</Array>
<Array>
<Name>Inertia Matrix</Name>
<Dimsize>3</Dimsize>
<Dimsize>3</Dimsize>
<SGL>
<Name></Name>
<Val>0.00000</Val>
</SGL>
<SGL>
<Name></Name>
<Val>0.00000</Val>
</SGL>
<SGL>
<Name></Name>
<Val>0.00000</Val>
</SGL>
<SGL>
<Name></Name>
<Val>0.00000</Val>
</SGL>
<SGL>
<Name></Name>
<Val>0.00000</Val>
</SGL>
<SGL>
<Name></Name>
<Val>0.00000</Val>
</SGL>
<SGL>
<Name></Name>
<Val>0.00000</Val>
</SGL>
<SGL>
<Name></Name>
<Val>0.00000</Val>
</SGL>
<SGL>
<Name></Name>
<Val>0.00000</Val>
</SGL>
</Array>
<U16>
<Name>Material</Name>
<Val>0</Val>
</U16>
<Cluster>
<Name>Color</Name>
<NumElts>4</NumElts>
<SGL>
<Name>Red</Name>
<Val>0.00000</Val>
</SGL>
<SGL>
<Name>Green</Name>
<Val>1.00000</Val>
</SGL>
<SGL>
<Name>Blue</Name>
<Val>0.00000</Val>
</SGL>
<SGL>
<Name>Alpha</Name>
<Val>1.00000</Val>
</SGL>
</Cluster>
<Path>
<Name>Model File (.ive)</Name>
<Val></Val>
</Path>
<Path>
<Name>Model File (.stl)</Name>
<Val></Val>
</Path>
<Path>
<Name>Texture File (.png)</Name>
<Val></Val>
</Path>
<String>
<Name>Sub-Space</Name>
<Val></Val>
</String>
<Boolean>
<Name>Kinematic</Name>
<Val>0</Val>
</Boolean>
<Boolean>
<Name>Visible</Name>
<Val>1</Val>
</Boolean>
<U16>
<Name>Draw Mode</Name>
<Val>0</Val>
</U16>
<Refnum>
<Name>3D Object</Name>
<RefKind>LV Object</RefKind>
<RefType>Scene</RefType>
<Val>0x00000000</Val>
</Refnum>
<Refnum>
<Name>ODE Body</Name>
<RefKind>Generic</RefKind>
<RefType>LVODE</RefType>
<Val>0x00000000</Val>
</Refnum>
<Array>
<Name>Visual Model Offset</Name>
<Dimsize>4</Dimsize>
<Dimsize>4</Dimsize>
<SGL>
<Name></Name>
<Val>1.00000</Val>
</SGL>
<SGL>
<Name></Name>
<Val>0.00000</Val>
</SGL>
<SGL>
<Name></Name>
<Val>0.00000</Val>
</SGL>
<SGL>
<Name></Name>
<Val>0.00000</Val>
</SGL>
<SGL>
<Name></Name>
<Val>0.00000</Val>
</SGL>
<SGL>
<Name></Name>
<Val>1.00000</Val>
</SGL>
<SGL>
<Name></Name>
<Val>0.00000</Val>
</SGL>
<SGL>
<Name></Name>
<Val>0.00000</Val>
</SGL>
<SGL>
<Name></Name>
<Val>0.00000</Val>
</SGL>
<SGL>
<Name></Name>
<Val>0.00000</Val>
</SGL>
<SGL>
<Name></Name>
<Val>1.00000</Val>
</SGL>
<SGL>
<Name></Name>
<Val>0.00000</Val>
</SGL>
<SGL>
<Name></Name>
<Val>0.00000</Val>
</SGL>
<SGL>
<Name></Name>
<Val>0.00000</Val>
</SGL>
<SGL>
<Name></Name>
<Val>0.00000</Val>
</SGL>
<SGL>
<Name></Name>
<Val>1.00000</Val>
</SGL>
</Array>
</Cluster>
<Cluster>
<Name>3D_Physics_Box.lvclass</Name>
<NumElts>4</NumElts>
<SGL>
<Name>Length X</Name>
<Val>1.00000E-3</Val>
</SGL>
<SGL>
<Name>Length Y</Name>
<Val>1.00000E-3</Val>
</SGL>
<SGL>
<Name>Length Z</Name>
<Val>1.00000E-3</Val>
</SGL>
<Refnum>
<Name>ODE Geometry</Name>
<RefKind>Generic</RefKind>
<RefType>LVODE</RefType>
<Val>0x00000000</Val>
</Refnum>
</Cluster>
</Object>
<U32>
<Name>Sampling Rate</Name>
<Val>100</Val>
</U32>
<SGL>
<Name>Noise</Name>
<Val>0.00000</Val>
</SGL>
<SGL>
<Name>Resolution</Name>
<Val>0.00000</Val>
</SGL>
<EW>
<Name>Attached to Servo</Name>
<Choice>Fixed</Choice>
<Choice>Up Rotate</Choice>
<Choice>Down Rotate</Choice>
<Choice>Customized</Choice>
<Val>0</Val>
</EW>
<Refnum>
<Name>LVODE Refnum</Name>
<RefKind>Generic</RefKind>
<RefType>LVODE</RefType>
<Val>0x00000000</Val>
</Refnum>
</Cluster>
<Cluster>
<Name>ODESimulator_Distance.lvclass</Name>
<NumElts>2</NumElts>
<SGL>
<Name>Low Range</Name>
<Val>0.00000</Val>
</SGL>
<SGL>
<Name>High Range</Name>
<Val>4.00000</Val>
</SGL>
</Cluster>
</Object>
<Object>
<Name>NI_Robotics_Simulator.lvlib:ODESimulator_Base_Sensor.lvclass</Name>
<NumLevels>2</NumLevels>
<Class>NI_Robotics_Simulator.lvlib:ODESimulator_Distance.lvclass</Class>
<Version>1.0.0.4</Version>
<Version>1.0.0.8</Version>
<Cluster>
<Name>ODESimulator_Base_Sensor.lvclass</Name>
<NumElts>10</NumElts>
<String>
<Name>ID</Name>
<Val>Cliff_Sensor_Center</Val>
</String>
<String>
<Name>Type</Name>
<Val></Val>
</String>
<String>
<Name>Owner ID</Name>
<Val>kobukiRobot</Val>
</String>
<String>
<Name>Servo ID</Name>
<Val></Val>
</String>
<Object>
<Name>Base Prop</Name>
<NumLevels>2</NumLevels>
<Class>NI_Robotics_Simulator.lvlib:3D_Physics_Box.lvclass</Class>
<Version>1.0.0.1</Version>
<Version>1.0.0.16</Version>
<Cluster>
<Name>3D_Physics_Base.lvclass</Name>
<NumElts>18</NumElts>
<String>
<Name>ID</Name>
<Val>Cliff_Sensor_Center</Val>
</String>
<Cluster>
<Name>Position</Name>
<NumElts>3</NumElts>
<SGL>
<Name>X</Name>
<Val>0.00000</Val>
</SGL>
<SGL>
<Name>Y</Name>
<Val>0.18000</Val>
</SGL>
<SGL>
<Name>Z</Name>
<Val>1.00000E-2</Val>
</SGL>
</Cluster>
<Cluster>
<Name>Rotation</Name>
<NumElts>2</NumElts>
<Cluster>
<Name>Axis</Name>
<NumElts>3</NumElts>
<SGL>
<Name>X</Name>
<Val>6.65928E-8</Val>
</SGL>
<SGL>
<Name>Y</Name>
<Val>-0.70711</Val>
</SGL>
<SGL>
<Name>Z</Name>
<Val>0.70711</Val>
</SGL>
</Cluster>
<SGL>
<Name>Angle</Name>
<Val>3.14159</Val>
</SGL>
</Cluster>
<SGL>
<Name>Mass</Name>
<Val>0.10000</Val>
</SGL>
<Array>
<Name>Mass Center</Name>
<Dimsize>3</Dimsize>
<SGL>
<Name>num</Name>
<Val>0.00000</Val>
</SGL>
<SGL>
<Name>num</Name>
<Val>0.00000</Val>
</SGL>
<SGL>
<Name>num</Name>
<Val>0.00000</Val>
</SGL>
</Array>
<Array>
<Name>Inertia Matrix</Name>
<Dimsize>3</Dimsize>
<Dimsize>3</Dimsize>
<SGL>
<Name></Name>
<Val>0.00000</Val>
</SGL>
<SGL>
<Name></Name>
<Val>0.00000</Val>
</SGL>
<SGL>
<Name></Name>
<Val>0.00000</Val>
</SGL>
<SGL>
<Name></Name>
<Val>0.00000</Val>
</SGL>
<SGL>
<Name></Name>
<Val>0.00000</Val>
</SGL>
<SGL>
<Name></Name>
<Val>0.00000</Val>
</SGL>
<SGL>
<Name></Name>
<Val>0.00000</Val>
</SGL>
<SGL>
<Name></Name>
<Val>0.00000</Val>
</SGL>
<SGL>
<Name></Name>
<Val>0.00000</Val>
</SGL>
</Array>
<U16>
<Name>Material</Name>
<Val>0</Val>
</U16>
<Cluster>
<Name>Color</Name>
<NumElts>4</NumElts>
<SGL>
<Name>Red</Name>
<Val>1.00000</Val>
</SGL>
<SGL>
<Name>Green</Name>
<Val>1.00000</Val>
</SGL>
<SGL>
<Name>Blue</Name>
<Val>1.00000</Val>
</SGL>
<SGL>
<Name>Alpha</Name>
<Val>1.00000</Val>
</SGL>
</Cluster>
<Path>
<Name>Model File (.ive)</Name>
<Val></Val>
</Path>
<Path>
<Name>Model File (.stl)</Name>
<Val></Val>
</Path>
<Path>
<Name>Texture File (.png)</Name>
<Val></Val>
</Path>
<String>
<Name>Sub-Space</Name>
<Val></Val>
</String>
<Boolean>
<Name>Kinematic</Name>
<Val>0</Val>
</Boolean>
<Boolean>
<Name>Visible</Name>
<Val>1</Val>
</Boolean>
<U16>
<Name>Draw Mode</Name>
<Val>0</Val>
</U16>
<Refnum>
<Name>3D Object</Name>
<RefKind>LV Object</RefKind>
<RefType>Scene</RefType>
<Val>0x00000000</Val>
</Refnum>
<Refnum>
<Name>ODE Body</Name>
<RefKind>Generic</RefKind>
<RefType>LVODE</RefType>
<Val>0x00000000</Val>
</Refnum>
<Array>
<Name>Visual Model Offset</Name>
<Dimsize>4</Dimsize>
<Dimsize>4</Dimsize>
<SGL>
<Name></Name>
<Val>1.00000</Val>
</SGL>
<SGL>
<Name></Name>
<Val>0.00000</Val>
</SGL>
<SGL>
<Name></Name>
<Val>0.00000</Val>
</SGL>
<SGL>
<Name></Name>
<Val>0.00000</Val>
</SGL>
<SGL>
<Name></Name>
<Val>0.00000</Val>
</SGL>
<SGL>
<Name></Name>
<Val>1.00000</Val>
</SGL>
<SGL>
<Name></Name>
<Val>0.00000</Val>
</SGL>
<SGL>
<Name></Name>
<Val>0.00000</Val>
</SGL>
<SGL>
<Name></Name>
<Val>0.00000</Val>
</SGL>
<SGL>
<Name></Name>
<Val>0.00000</Val>
</SGL>
<SGL>
<Name></Name>
<Val>1.00000</Val>
</SGL>
<SGL>
<Name></Name>
<Val>0.00000</Val>
</SGL>
<SGL>
<Name></Name>
<Val>0.00000</Val>
</SGL>
<SGL>
<Name></Name>
<Val>0.00000</Val>
</SGL>
<SGL>
<Name></Name>
<Val>0.00000</Val>
</SGL>
<SGL>
<Name></Name>
<Val>1.00000</Val>
</SGL>
</Array>
</Cluster>
<Cluster>
<Name>3D_Physics_Box.lvclass</Name>
<NumElts>4</NumElts>
<SGL>
<Name>Length X</Name>
<Val>1.00000E-3</Val>
</SGL>
<SGL>
<Name>Length Y</Name>
<Val>1.00000E-3</Val>
</SGL>
<SGL>
<Name>Length Z</Name>
<Val>1.00000E-3</Val>
</SGL>
<Refnum>
<Name>ODE Geometry</Name>
<RefKind>Generic</RefKind>
<RefType>LVODE</RefType>
<Val>0x00000000</Val>
</Refnum>
</Cluster>
</Object>
<U32>
<Name>Sampling Rate</Name>
<Val>100</Val>
</U32>
<SGL>
<Name>Noise</Name>
<Val>0.00000</Val>
</SGL>
<SGL>
<Name>Resolution</Name>
<Val>0.00000</Val>
</SGL>
<EW>
<Name>Attached to Servo</Name>
<Choice>Fixed</Choice>
<Choice>Up Rotate</Choice>
<Choice>Down Rotate</Choice>
<Choice>Customized</Choice>
<Val>0</Val>
</EW>
<Refnum>
<Name>LVODE Refnum</Name>
<RefKind>Generic</RefKind>
<RefType>LVODE</RefType>
<Val>0x00000000</Val>
</Refnum>
</Cluster>
<Cluster>
<Name>ODESimulator_Distance.lvclass</Name>
<NumElts>2</NumElts>
<SGL>
<Name>Low Range</Name>
<Val>0.00000</Val>
</SGL>
<SGL>
<Name>High Range</Name>
<Val>4.00000</Val>
</SGL>
</Cluster>
</Object>
<Object>
<Name>NI_Robotics_Simulator.lvlib:ODESimulator_Base_Sensor.lvclass</Name>
<NumLevels>2</NumLevels>
<Class>NI_Robotics_Simulator.lvlib:ODESimulator_Distance.lvclass</Class>
<Version>1.0.0.4</Version>
<Version>1.0.0.8</Version>
<Cluster>
<Name>ODESimulator_Base_Sensor.lvclass</Name>
<NumElts>10</NumElts>
<String>
<Name>ID</Name>
<Val>Cliff_Sensor_Left</Val>
</String>
<String>
<Name>Type</Name>
<Val></Val>
</String>
<String>
<Name>Owner ID</Name>
<Val>kobukiRobot</Val>
</String>
<String>
<Name>Servo ID</Name>
<Val></Val>
</String>
<Object>
<Name>Base Prop</Name>
<NumLevels>2</NumLevels>
<Class>NI_Robotics_Simulator.lvlib:3D_Physics_Box.lvclass</Class>
<Version>1.0.0.1</Version>
<Version>1.0.0.16</Version>
<Cluster>
<Name>3D_Physics_Base.lvclass</Name>
<NumElts>18</NumElts>
<String>
<Name>ID</Name>
<Val>Cliff_Sensor_Left</Val>
</String>
<Cluster>
<Name>Position</Name>
<NumElts>3</NumElts>
<SGL>
<Name>X</Name>
<Val>-0.13000</Val>
</SGL>
<SGL>
<Name>Y</Name>
<Val>0.10000</Val>
</SGL>
<SGL>
<Name>Z</Name>
<Val>1.00000E-2</Val>
</SGL>
</Cluster>
<Cluster>
<Name>Rotation</Name>
<NumElts>2</NumElts>
<Cluster>
<Name>Axis</Name>
<NumElts>3</NumElts>
<SGL>
<Name>X</Name>
<Val>6.65928E-8</Val>
</SGL>
<SGL>
<Name>Y</Name>
<Val>-0.70711</Val>
</SGL>
<SGL>
<Name>Z</Name>
<Val>0.70711</Val>
</SGL>
</Cluster>
<SGL>
<Name>Angle</Name>
<Val>3.14159</Val>
</SGL>
</Cluster>
<SGL>
<Name>Mass</Name>
<Val>0.10000</Val>
</SGL>
<Array>
<Name>Mass Center</Name>
<Dimsize>3</Dimsize>
<SGL>
<Name>num</Name>
<Val>0.00000</Val>
</SGL>
<SGL>
<Name>num</Name>
<Val>0.00000</Val>
</SGL>
<SGL>
<Name>num</Name>
<Val>0.00000</Val>
</SGL>
</Array>
<Array>
<Name>Inertia Matrix</Name>
<Dimsize>3</Dimsize>
<Dimsize>3</Dimsize>
<SGL>
<Name></Name>
<Val>0.00000</Val>
</SGL>
<SGL>
<Name></Name>
<Val>0.00000</Val>
</SGL>
<SGL>
<Name></Name>
<Val>0.00000</Val>
</SGL>
<SGL>
<Name></Name>
<Val>0.00000</Val>
</SGL>
<SGL>
<Name></Name>
<Val>0.00000</Val>
</SGL>
<SGL>
<Name></Name>
<Val>0.00000</Val>
</SGL>
<SGL>
<Name></Name>
<Val>0.00000</Val>
</SGL>
<SGL>
<Name></Name>
<Val>0.00000</Val>
</SGL>
<SGL>
<Name></Name>
<Val>0.00000</Val>
</SGL>
</Array>
<U16>
<Name>Material</Name>
<Val>0</Val>
</U16>
<Cluster>
<Name>Color</Name>
<NumElts>4</NumElts>
<SGL>
<Name>Red</Name>
<Val>0.00000</Val>
</SGL>
<SGL>
<Name>Green</Name>
<Val>1.00000</Val>
</SGL>
<SGL>
<Name>Blue</Name>
<Val>0.00000</Val>
</SGL>
<SGL>
<Name>Alpha</Name>
<Val>1.00000</Val>
</SGL>
</Cluster>
<Path>
<Name>Model File (.ive)</Name>
<Val></Val>
</Path>
<Path>
<Name>Model File (.stl)</Name>
<Val></Val>
</Path>
<Path>
<Name>Texture File (.png)</Name>
<Val></Val>
</Path>
<String>
<Name>Sub-Space</Name>
<Val></Val>
</String>
<Boolean>
<Name>Kinematic</Name>
<Val>0</Val>
</Boolean>
<Boolean>
<Name>Visible</Name>
<Val>1</Val>
</Boolean>
<U16>
<Name>Draw Mode</Name>
<Val>0</Val>
</U16>
<Refnum>
<Name>3D Object</Name>
<RefKind>LV Object</RefKind>
<RefType>Scene</RefType>
<Val>0x00000000</Val>
</Refnum>
<Refnum>
<Name>ODE Body</Name>
<RefKind>Generic</RefKind>
<RefType>LVODE</RefType>
<Val>0x00000000</Val>
</Refnum>
<Array>
<Name>Visual Model Offset</Name>
<Dimsize>4</Dimsize>
<Dimsize>4</Dimsize>
<SGL>
<Name></Name>
<Val>1.00000</Val>
</SGL>
<SGL>
<Name></Name>
<Val>0.00000</Val>
</SGL>
<SGL>
<Name></Name>
<Val>0.00000</Val>
</SGL>
<SGL>
<Name></Name>
<Val>0.00000</Val>
</SGL>
<SGL>
<Name></Name>
<Val>0.00000</Val>
</SGL>
<SGL>
<Name></Name>
<Val>1.00000</Val>
</SGL>
<SGL>
<Name></Name>
<Val>0.00000</Val>
</SGL>
<SGL>
<Name></Name>
<Val>0.00000</Val>
</SGL>
<SGL>
<Name></Name>
<Val>0.00000</Val>
</SGL>
<SGL>
<Name></Name>
<Val>0.00000</Val>
</SGL>
<SGL>
<Name></Name>
<Val>1.00000</Val>
</SGL>
<SGL>
<Name></Name>
<Val>0.00000</Val>
</SGL>
<SGL>
<Name></Name>
<Val>0.00000</Val>
</SGL>
<SGL>
<Name></Name>
<Val>0.00000</Val>
</SGL>
<SGL>
<Name></Name>
<Val>0.00000</Val>
</SGL>
<SGL>
<Name></Name>
<Val>1.00000</Val>
</SGL>
</Array>
</Cluster>
<Cluster>
<Name>3D_Physics_Box.lvclass</Name>
<NumElts>4</NumElts>
<SGL>
<Name>Length X</Name>
<Val>1.00000E-3</Val>
</SGL>
<SGL>
<Name>Length Y</Name>
<Val>1.00000E-3</Val>
</SGL>
<SGL>
<Name>Length Z</Name>
<Val>1.00000E-3</Val>
</SGL>
<Refnum>
<Name>ODE Geometry</Name>
<RefKind>Generic</RefKind>
<RefType>LVODE</RefType>
<Val>0x00000000</Val>
</Refnum>
</Cluster>
</Object>
<U32>
<Name>Sampling Rate</Name>
<Val>100</Val>
</U32>
<SGL>
<Name>Noise</Name>
<Val>0.00000</Val>
</SGL>
<SGL>
<Name>Resolution</Name>
<Val>0.00000</Val>
</SGL>
<EW>
<Name>Attached to Servo</Name>
<Choice>Fixed</Choice>
<Choice>Up Rotate</Choice>
<Choice>Down Rotate</Choice>
<Choice>Customized</Choice>
<Val>0</Val>
</EW>
<Refnum>
<Name>LVODE Refnum</Name>
<RefKind>Generic</RefKind>
<RefType>LVODE</RefType>
<Val>0x00000000</Val>
</Refnum>
</Cluster>
<Cluster>
<Name>ODESimulator_Distance.lvclass</Name>
<NumElts>2</NumElts>
<SGL>
<Name>Low Range</Name>
<Val>0.00000</Val>
</SGL>
<SGL>
<Name>High Range</Name>
<Val>4.00000</Val>
</SGL>
</Cluster>
</Object>
<Object>
<Name>NI_Robotics_Simulator.lvlib:ODESimulator_Base_Sensor.lvclass</Name>
<NumLevels>2</NumLevels>
<Class>NI_Robotics_Simulator.lvlib:ODESimulator_Bumper.lvclass</Class>
<Version>1.0.0.1</Version>
<Version>1.0.0.8</Version>
<Cluster>
<Name>ODESimulator_Base_Sensor.lvclass</Name>
<NumElts>10</NumElts>
<String>
<Name>ID</Name>
<Val>Bumper_S2</Val>
</String>
<String>
<Name>Type</Name>
<Val></Val>
</String>
<String>
<Name>Owner ID</Name>
<Val>kobukiRobot</Val>
</String>
<String>
<Name>Servo ID</Name>
<Val></Val>
</String>
<Object>
<Name>Base Prop</Name>
<NumLevels>2</NumLevels>
<Class>NI_Robotics_Simulator.lvlib:3D_Physics_Cylinder.lvclass</Class>
<Version>1.0.0.1</Version>
<Version>1.0.0.16</Version>
<Cluster>
<Name>3D_Physics_Base.lvclass</Name>
<NumElts>18</NumElts>
<String>
<Name>ID</Name>
<Val>Bumper_S2</Val>
</String>
<Cluster>
<Name>Position</Name>
<NumElts>3</NumElts>
<SGL>
<Name>X</Name>
<Val>-0.14295</Val>
</SGL>
<SGL>
<Name>Y</Name>
<Val>-7.58000E-4</Val>
</SGL>
<SGL>
<Name>Z</Name>
<Val>-5.84520E-2</Val>
</SGL>
</Cluster>
<Cluster>
<Name>Rotation</Name>
<NumElts>2</NumElts>
<Cluster>
<Name>Axis</Name>
<NumElts>3</NumElts>
<SGL>
<Name>X</Name>
<Val>0.00000</Val>
</SGL>
<SGL>
<Name>Y</Name>
<Val>0.00000</Val>
</SGL>
<SGL>
<Name>Z</Name>
<Val>1.00000</Val>
</SGL>
</Cluster>
<SGL>
<Name>Angle</Name>
<Val>0.00000</Val>
</SGL>
</Cluster>
<SGL>
<Name>Mass</Name>
<Val>2.00000E-3</Val>
</SGL>
<Array>
<Name>Mass Center</Name>
<Dimsize>3</Dimsize>
<SGL>
<Name>num</Name>
<Val>0.00000</Val>
</SGL>
<SGL>
<Name>num</Name>
<Val>0.00000</Val>
</SGL>
<SGL>
<Name>num</Name>
<Val>0.00000</Val>
</SGL>
</Array>
<Array>
<Name>Inertia Matrix</Name>
<Dimsize>3</Dimsize>
<Dimsize>3</Dimsize>
<SGL>
<Name></Name>
<Val>0.00000</Val>
</SGL>
<SGL>
<Name></Name>
<Val>0.00000</Val>
</SGL>
<SGL>
<Name></Name>
<Val>0.00000</Val>
</SGL>
<SGL>
<Name></Name>
<Val>0.00000</Val>
</SGL>
<SGL>
<Name></Name>
<Val>0.00000</Val>
</SGL>
<SGL>
<Name></Name>
<Val>0.00000</Val>
</SGL>
<SGL>
<Name></Name>
<Val>0.00000</Val>
</SGL>
<SGL>
<Name></Name>
<Val>0.00000</Val>
</SGL>
<SGL>
<Name></Name>
<Val>0.00000</Val>
</SGL>
</Array>
<U16>
<Name>Material</Name>
<Val>0</Val>
</U16>
<Cluster>
<Name>Color</Name>
<NumElts>4</NumElts>
<SGL>
<Name>Red</Name>
<Val>0.00000</Val>
</SGL>
<SGL>
<Name>Green</Name>
<Val>1.00000</Val>
</SGL>
<SGL>
<Name>Blue</Name>
<Val>0.00000</Val>
</SGL>
<SGL>
<Name>Alpha</Name>
<Val>1.00000</Val>
</SGL>
</Cluster>
<Path>
<Name>Model File (.ive)</Name>
<Val></Val>
</Path>
<Path>
<Name>Model File (.stl)</Name>
<Val></Val>
</Path>
<Path>
<Name>Texture File (.png)</Name>
<Val></Val>
</Path>
<String>
<Name>Sub-Space</Name>
<Val></Val>
</String>
<Boolean>
<Name>Kinematic</Name>
<Val>0</Val>
</Boolean>
<Boolean>
<Name>Visible</Name>
<Val>0</Val>
</Boolean>
<U16>
<Name>Draw Mode</Name>
<Val>0</Val>
</U16>
<Refnum>
<Name>3D Object</Name>
<RefKind>LV Object</RefKind>
<RefType>Scene</RefType>
<Val>0x00000000</Val>
</Refnum>
<Refnum>
<Name>ODE Body</Name>
<RefKind>Generic</RefKind>
<RefType>LVODE</RefType>
<Val>0x00000000</Val>
</Refnum>
<Array>
<Name>Visual Model Offset</Name>
<Dimsize>4</Dimsize>
<Dimsize>4</Dimsize>
<SGL>
<Name></Name>
<Val>1.00000</Val>
</SGL>
<SGL>
<Name></Name>
<Val>0.00000</Val>
</SGL>
<SGL>
<Name></Name>
<Val>0.00000</Val>
</SGL>
<SGL>
<Name></Name>
<Val>0.00000</Val>
</SGL>
<SGL>
<Name></Name>
<Val>0.00000</Val>
</SGL>
<SGL>
<Name></Name>
<Val>1.00000</Val>
</SGL>
<SGL>
<Name></Name>
<Val>0.00000</Val>
</SGL>
<SGL>
<Name></Name>
<Val>0.00000</Val>
</SGL>
<SGL>
<Name></Name>
<Val>0.00000</Val>
</SGL>
<SGL>
<Name></Name>
<Val>0.00000</Val>
</SGL>
<SGL>
<Name></Name>
<Val>1.00000</Val>
</SGL>
<SGL>
<Name></Name>
<Val>0.00000</Val>
</SGL>
<SGL>
<Name></Name>
<Val>0.00000</Val>
</SGL>
<SGL>
<Name></Name>
<Val>0.00000</Val>
</SGL>
<SGL>
<Name></Name>
<Val>0.00000</Val>
</SGL>
<SGL>
<Name></Name>
<Val>1.00000</Val>
</SGL>
</Array>
</Cluster>
<Cluster>
<Name>3D_Physics_Cylinder.lvclass</Name>
<NumElts>3</NumElts>
<SGL>
<Name>Height</Name>
<Val>3.00000E-3</Val>
</SGL>
<SGL>
<Name>Radius</Name>
<Val>2.00000E-3</Val>
</SGL>
<Refnum>
<Name>ODE Geometry</Name>
<RefKind>Generic</RefKind>
<RefType>LVODE</RefType>
<Val>0x00000000</Val>
</Refnum>
</Cluster>
</Object>
<U32>
<Name>Sampling Rate</Name>
<Val>100</Val>
</U32>
<SGL>
<Name>Noise</Name>
<Val>0.00000</Val>
</SGL>
<SGL>
<Name>Resolution</Name>
<Val>0.00000</Val>
</SGL>
<EW>
<Name>Attached to Servo</Name>
<Choice>Fixed</Choice>
<Choice>Up Rotate</Choice>
<Choice>Down Rotate</Choice>
<Choice>Customized</Choice>
<Val>0</Val>
</EW>
<Refnum>
<Name>LVODE Refnum</Name>
<RefKind>Generic</RefKind>
<RefType>LVODE</RefType>
<Val>0x00000000</Val>
</Refnum>
</Cluster>
<Cluster>
</Cluster>
</Object>
<Object>
<Name>NI_Robotics_Simulator.lvlib:ODESimulator_Base_Sensor.lvclass</Name>
<NumLevels>2</NumLevels>
<Class>NI_Robotics_Simulator.lvlib:ODESimulator_Bumper.lvclass</Class>
<Version>1.0.0.1</Version>
<Version>1.0.0.8</Version>
<Cluster>
<Name>ODESimulator_Base_Sensor.lvclass</Name>
<NumElts>10</NumElts>
<String>
<Name>ID</Name>
<Val>Bumper_S3</Val>
</String>
<String>
<Name>Type</Name>
<Val></Val>
</String>
<String>
<Name>Owner ID</Name>
<Val>kobukiRobot</Val>
</String>
<String>
<Name>Servo ID</Name>
<Val></Val>
</String>
<Object>
<Name>Base Prop</Name>
<NumLevels>2</NumLevels>
<Class>NI_Robotics_Simulator.lvlib:3D_Physics_Cylinder.lvclass</Class>
<Version>1.0.0.1</Version>
<Version>1.0.0.16</Version>
<Cluster>
<Name>3D_Physics_Base.lvclass</Name>
<NumElts>18</NumElts>
<String>
<Name>ID</Name>
<Val>Bumper_S3</Val>
</String>
<Cluster>
<Name>Position</Name>
<NumElts>3</NumElts>
<SGL>
<Name>X</Name>
<Val>0.12704</Val>
</SGL>
<SGL>
<Name>Y</Name>
<Val>-7.57501E-4</Val>
</SGL>
<SGL>
<Name>Z</Name>
<Val>-5.84520E-2</Val>
</SGL>
</Cluster>
<Cluster>
<Name>Rotation</Name>
<NumElts>2</NumElts>
<Cluster>
<Name>Axis</Name>
<NumElts>3</NumElts>
<SGL>
<Name>X</Name>
<Val>0.00000</Val>
</SGL>
<SGL>
<Name>Y</Name>
<Val>0.00000</Val>
</SGL>
<SGL>
<Name>Z</Name>
<Val>1.00000</Val>
</SGL>
</Cluster>
<SGL>
<Name>Angle</Name>
<Val>0.00000</Val>
</SGL>
</Cluster>
<SGL>
<Name>Mass</Name>
<Val>2.00000E-3</Val>
</SGL>
<Array>
<Name>Mass Center</Name>
<Dimsize>3</Dimsize>
<SGL>
<Name>num</Name>
<Val>0.00000</Val>
</SGL>
<SGL>
<Name>num</Name>
<Val>0.00000</Val>
</SGL>
<SGL>
<Name>num</Name>
<Val>0.00000</Val>
</SGL>
</Array>
<Array>
<Name>Inertia Matrix</Name>
<Dimsize>3</Dimsize>
<Dimsize>3</Dimsize>
<SGL>
<Name></Name>
<Val>0.00000</Val>
</SGL>
<SGL>
<Name></Name>
<Val>0.00000</Val>
</SGL>
<SGL>
<Name></Name>
<Val>0.00000</Val>
</SGL>
<SGL>
<Name></Name>
<Val>0.00000</Val>
</SGL>
<SGL>
<Name></Name>
<Val>0.00000</Val>
</SGL>
<SGL>
<Name></Name>
<Val>0.00000</Val>
</SGL>
<SGL>
<Name></Name>
<Val>0.00000</Val>
</SGL>
<SGL>
<Name></Name>
<Val>0.00000</Val>
</SGL>
<SGL>
<Name></Name>
<Val>0.00000</Val>
</SGL>
</Array>
<U16>
<Name>Material</Name>
<Val>0</Val>
</U16>
<Cluster>
<Name>Color</Name>
<NumElts>4</NumElts>
<SGL>
<Name>Red</Name>
<Val>0.00000</Val>
</SGL>
<SGL>
<Name>Green</Name>
<Val>1.00000</Val>
</SGL>
<SGL>
<Name>Blue</Name>
<Val>0.00000</Val>
</SGL>
<SGL>
<Name>Alpha</Name>
<Val>1.00000</Val>
</SGL>
</Cluster>
<Path>
<Name>Model File (.ive)</Name>
<Val></Val>
</Path>
<Path>
<Name>Model File (.stl)</Name>
<Val></Val>
</Path>
<Path>
<Name>Texture File (.png)</Name>
<Val></Val>
</Path>
<String>
<Name>Sub-Space</Name>
<Val></Val>
</String>
<Boolean>
<Name>Kinematic</Name>
<Val>0</Val>
</Boolean>
<Boolean>
<Name>Visible</Name>
<Val>0</Val>
</Boolean>
<U16>
<Name>Draw Mode</Name>
<Val>0</Val>
</U16>
<Refnum>
<Name>3D Object</Name>
<RefKind>LV Object</RefKind>
<RefType>Scene</RefType>
<Val>0x00000000</Val>
</Refnum>
<Refnum>
<Name>ODE Body</Name>
<RefKind>Generic</RefKind>
<RefType>LVODE</RefType>
<Val>0x00000000</Val>
</Refnum>
<Array>
<Name>Visual Model Offset</Name>
<Dimsize>4</Dimsize>
<Dimsize>4</Dimsize>
<SGL>
<Name></Name>
<Val>1.00000</Val>
</SGL>
<SGL>
<Name></Name>
<Val>0.00000</Val>
</SGL>
<SGL>
<Name></Name>
<Val>0.00000</Val>
</SGL>
<SGL>
<Name></Name>
<Val>0.00000</Val>
</SGL>
<SGL>
<Name></Name>
<Val>0.00000</Val>
</SGL>
<SGL>
<Name></Name>
<Val>1.00000</Val>
</SGL>
<SGL>
<Name></Name>
<Val>0.00000</Val>
</SGL>
<SGL>
<Name></Name>
<Val>0.00000</Val>
</SGL>
<SGL>
<Name></Name>
<Val>0.00000</Val>
</SGL>
<SGL>
<Name></Name>
<Val>0.00000</Val>
</SGL>
<SGL>
<Name></Name>
<Val>1.00000</Val>
</SGL>
<SGL>
<Name></Name>
<Val>0.00000</Val>
</SGL>
<SGL>
<Name></Name>
<Val>0.00000</Val>
</SGL>
<SGL>
<Name></Name>
<Val>0.00000</Val>
</SGL>
<SGL>
<Name></Name>
<Val>0.00000</Val>
</SGL>
<SGL>
<Name></Name>
<Val>1.00000</Val>
</SGL>
</Array>
</Cluster>
<Cluster>
<Name>3D_Physics_Cylinder.lvclass</Name>
<NumElts>3</NumElts>
<SGL>
<Name>Height</Name>
<Val>3.00000E-3</Val>
</SGL>
<SGL>
<Name>Radius</Name>
<Val>2.00000E-3</Val>
</SGL>
<Refnum>
<Name>ODE Geometry</Name>
<RefKind>Generic</RefKind>
<RefType>LVODE</RefType>
<Val>0x00000000</Val>
</Refnum>
</Cluster>
</Object>
<U32>
<Name>Sampling Rate</Name>
<Val>100</Val>
</U32>
<SGL>
<Name>Noise</Name>
<Val>0.00000</Val>
</SGL>
<SGL>
<Name>Resolution</Name>
<Val>0.00000</Val>
</SGL>
<EW>
<Name>Attached to Servo</Name>
<Choice>Fixed</Choice>
<Choice>Up Rotate</Choice>
<Choice>Down Rotate</Choice>
<Choice>Customized</Choice>
<Val>0</Val>
</EW>
<Refnum>
<Name>LVODE Refnum</Name>
<RefKind>Generic</RefKind>
<RefType>LVODE</RefType>
<Val>0x00000000</Val>
</Refnum>
</Cluster>
<Cluster>
</Cluster>
</Object>
<Object>
<Name>NI_Robotics_Simulator.lvlib:ODESimulator_Base_Sensor.lvclass</Name>
<NumLevels>2</NumLevels>
<Class>NI_Robotics_Simulator.lvlib:ODESimulator_Accelerometer.lvclass</Class>
<Version>1.0.0.1</Version>
<Version>1.0.0.8</Version>
<Cluster>
<Name>ODESimulator_Base_Sensor.lvclass</Name>
<NumElts>10</NumElts>
<String>
<Name>ID</Name>
<Val>Accelerometer_S0</Val>
</String>
<String>
<Name>Type</Name>
<Val></Val>
</String>
<String>
<Name>Owner ID</Name>
<Val>kobukiRobot</Val>
</String>
<String>
<Name>Servo ID</Name>
<Val></Val>
</String>
<Object>
<Name>Base Prop</Name>
<NumLevels>2</NumLevels>
<Class>NI_Robotics_Simulator.lvlib:3D_Physics_Box.lvclass</Class>
<Version>1.0.0.1</Version>
<Version>1.0.0.16</Version>
<Cluster>
<Name>3D_Physics_Base.lvclass</Name>
<NumElts>18</NumElts>
<String>
<Name>ID</Name>
<Val>Accelerometer_S0</Val>
</String>
<Cluster>
<Name>Position</Name>
<NumElts>3</NumElts>
<SGL>
<Name>X</Name>
<Val>-2.95420E-3</Val>
</SGL>
<SGL>
<Name>Y</Name>
<Val>-7.57698E-4</Val>
</SGL>
<SGL>
<Name>Z</Name>
<Val>2.04800E-3</Val>
</SGL>
</Cluster>
<Cluster>
<Name>Rotation</Name>
<NumElts>2</NumElts>
<Cluster>
<Name>Axis</Name>
<NumElts>3</NumElts>
<SGL>
<Name>X</Name>
<Val>-1.05367E-8</Val>
</SGL>
<SGL>
<Name>Y</Name>
<Val>-1.33562E-14</Val>
</SGL>
<SGL>
<Name>Z</Name>
<Val>1.00000</Val>
</SGL>
</Cluster>
<SGL>
<Name>Angle</Name>
<Val>3.14159</Val>
</SGL>
</Cluster>
<SGL>
<Name>Mass</Name>
<Val>1.00000E-3</Val>
</SGL>
<Array>
<Name>Mass Center</Name>
<Dimsize>3</Dimsize>
<SGL>
<Name>num</Name>
<Val>0.00000</Val>
</SGL>
<SGL>
<Name>num</Name>
<Val>0.00000</Val>
</SGL>
<SGL>
<Name>num</Name>
<Val>0.00000</Val>
</SGL>
</Array>
<Array>
<Name>Inertia Matrix</Name>
<Dimsize>3</Dimsize>
<Dimsize>3</Dimsize>
<SGL>
<Name></Name>
<Val>0.00000</Val>
</SGL>
<SGL>
<Name></Name>
<Val>0.00000</Val>
</SGL>
<SGL>
<Name></Name>
<Val>0.00000</Val>
</SGL>
<SGL>
<Name></Name>
<Val>0.00000</Val>
</SGL>
<SGL>
<Name></Name>
<Val>0.00000</Val>
</SGL>
<SGL>
<Name></Name>
<Val>0.00000</Val>
</SGL>
<SGL>
<Name></Name>
<Val>0.00000</Val>
</SGL>
<SGL>
<Name></Name>
<Val>0.00000</Val>
</SGL>
<SGL>
<Name></Name>
<Val>0.00000</Val>
</SGL>
</Array>
<U16>
<Name>Material</Name>
<Val>0</Val>
</U16>
<Cluster>
<Name>Color</Name>
<NumElts>4</NumElts>
<SGL>
<Name>Red</Name>
<Val>0.00000</Val>
</SGL>
<SGL>
<Name>Green</Name>
<Val>1.00000</Val>
</SGL>
<SGL>
<Name>Blue</Name>
<Val>0.00000</Val>
</SGL>
<SGL>
<Name>Alpha</Name>
<Val>1.00000</Val>
</SGL>
</Cluster>
<Path>
<Name>Model File (.ive)</Name>
<Val></Val>
</Path>
<Path>
<Name>Model File (.stl)</Name>
<Val></Val>
</Path>
<Path>
<Name>Texture File (.png)</Name>
<Val></Val>
</Path>
<String>
<Name>Sub-Space</Name>
<Val></Val>
</String>
<Boolean>
<Name>Kinematic</Name>
<Val>0</Val>
</Boolean>
<Boolean>
<Name>Visible</Name>
<Val>1</Val>
</Boolean>
<U16>
<Name>Draw Mode</Name>
<Val>0</Val>
</U16>
<Refnum>
<Name>3D Object</Name>
<RefKind>LV Object</RefKind>
<RefType>Scene</RefType>
<Val>0x00000000</Val>
</Refnum>
<Refnum>
<Name>ODE Body</Name>
<RefKind>Generic</RefKind>
<RefType>LVODE</RefType>
<Val>0x00000000</Val>
</Refnum>
<Array>
<Name>Visual Model Offset</Name>
<Dimsize>4</Dimsize>
<Dimsize>4</Dimsize>
<SGL>
<Name></Name>
<Val>1.00000</Val>
</SGL>
<SGL>
<Name></Name>
<Val>0.00000</Val>
</SGL>
<SGL>
<Name></Name>
<Val>0.00000</Val>
</SGL>
<SGL>
<Name></Name>
<Val>0.00000</Val>
</SGL>
<SGL>
<Name></Name>
<Val>0.00000</Val>
</SGL>
<SGL>
<Name></Name>
<Val>1.00000</Val>
</SGL>
<SGL>
<Name></Name>
<Val>0.00000</Val>
</SGL>
<SGL>
<Name></Name>
<Val>0.00000</Val>
</SGL>
<SGL>
<Name></Name>
<Val>0.00000</Val>
</SGL>
<SGL>
<Name></Name>
<Val>0.00000</Val>
</SGL>
<SGL>
<Name></Name>
<Val>1.00000</Val>
</SGL>
<SGL>
<Name></Name>
<Val>0.00000</Val>
</SGL>
<SGL>
<Name></Name>
<Val>0.00000</Val>
</SGL>
<SGL>
<Name></Name>
<Val>0.00000</Val>
</SGL>
<SGL>
<Name></Name>
<Val>0.00000</Val>
</SGL>
<SGL>
<Name></Name>
<Val>1.00000</Val>
</SGL>
</Array>
</Cluster>
<Cluster>
<Name>3D_Physics_Box.lvclass</Name>
<NumElts>4</NumElts>
<SGL>
<Name>Length X</Name>
<Val>1.00000E-3</Val>
</SGL>
<SGL>
<Name>Length Y</Name>
<Val>1.00000E-3</Val>
</SGL>
<SGL>
<Name>Length Z</Name>
<Val>1.00000E-3</Val>
</SGL>
<Refnum>
<Name>ODE Geometry</Name>
<RefKind>Generic</RefKind>
<RefType>LVODE</RefType>
<Val>0x00000000</Val>
</Refnum>
</Cluster>
</Object>
<U32>
<Name>Sampling Rate</Name>
<Val>100</Val>
</U32>
<SGL>
<Name>Noise</Name>
<Val>0.00000</Val>
</SGL>
<SGL>
<Name>Resolution</Name>
<Val>0.00000</Val>
</SGL>
<EW>
<Name>Attached to Servo</Name>
<Choice>Fixed</Choice>
<Choice>Up Rotate</Choice>
<Choice>Down Rotate</Choice>
<Choice>Customized</Choice>
<Val>0</Val>
</EW>
<Refnum>
<Name>LVODE Refnum</Name>
<RefKind>Generic</RefKind>
<RefType>LVODE</RefType>
<Val>0x00000000</Val>
</Refnum>
</Cluster>
<Cluster>
</Cluster>
</Object>
<Object>
<Name>NI_Robotics_Simulator.lvlib:ODESimulator_Base_Sensor.lvclass</Name>
<NumLevels>2</NumLevels>
<Class>NI_Robotics_Simulator.lvlib:ODESimulator_Bumper.lvclass</Class>
<Version>1.0.0.1</Version>
<Version>1.0.0.8</Version>
<Cluster>
<Name>ODESimulator_Base_Sensor.lvclass</Name>
<NumElts>10</NumElts>
<String>
<Name>ID</Name>
<Val>Bumper_S0</Val>
</String>
<String>
<Name>Type</Name>
<Val></Val>
</String>
<String>
<Name>Owner ID</Name>
<Val>kobukiRobot</Val>
</String>
<String>
<Name>Servo ID</Name>
<Val></Val>
</String>
<Object>
<Name>Base Prop</Name>
<NumLevels>2</NumLevels>
<Class>NI_Robotics_Simulator.lvlib:3D_Physics_Cylinder.lvclass</Class>
<Version>1.0.0.1</Version>
<Version>1.0.0.16</Version>
<Cluster>
<Name>3D_Physics_Base.lvclass</Name>
<NumElts>18</NumElts>
<String>
<Name>ID</Name>
<Val>Bumper_S0</Val>
</String>
<Cluster>
<Name>Position</Name>
<NumElts>3</NumElts>
<SGL>
<Name>X</Name>
<Val>-3.00000E-2</Val>
</SGL>
<SGL>
<Name>Y</Name>
<Val>3.00000E-2</Val>
</SGL>
<SGL>
<Name>Z</Name>
<Val>3.70480E-2</Val>
</SGL>
</Cluster>
<Cluster>
<Name>Rotation</Name>
<NumElts>2</NumElts>
<Cluster>
<Name>Axis</Name>
<NumElts>3</NumElts>
<SGL>
<Name>X</Name>
<Val>0.00000</Val>
</SGL>
<SGL>
<Name>Y</Name>
<Val>0.00000</Val>
</SGL>
<SGL>
<Name>Z</Name>
<Val>1.00000</Val>
</SGL>
</Cluster>
<SGL>
<Name>Angle</Name>
<Val>0.00000</Val>
</SGL>
</Cluster>
<SGL>
<Name>Mass</Name>
<Val>0.16100</Val>
</SGL>
<Array>
<Name>Mass Center</Name>
<Dimsize>3</Dimsize>
<SGL>
<Name>num</Name>
<Val>0.00000</Val>
</SGL>
<SGL>
<Name>num</Name>
<Val>0.00000</Val>
</SGL>
<SGL>
<Name>num</Name>
<Val>0.00000</Val>
</SGL>
</Array>
<Array>
<Name>Inertia Matrix</Name>
<Dimsize>3</Dimsize>
<Dimsize>3</Dimsize>
<SGL>
<Name></Name>
<Val>0.00000</Val>
</SGL>
<SGL>
<Name></Name>
<Val>0.00000</Val>
</SGL>
<SGL>
<Name></Name>
<Val>0.00000</Val>
</SGL>
<SGL>
<Name></Name>
<Val>0.00000</Val>
</SGL>
<SGL>
<Name></Name>
<Val>0.00000</Val>
</SGL>
<SGL>
<Name></Name>
<Val>0.00000</Val>
</SGL>
<SGL>
<Name></Name>
<Val>0.00000</Val>
</SGL>
<SGL>
<Name></Name>
<Val>0.00000</Val>
</SGL>
<SGL>
<Name></Name>
<Val>0.00000</Val>
</SGL>
</Array>
<U16>
<Name>Material</Name>
<Val>0</Val>
</U16>
<Cluster>
<Name>Color</Name>
<NumElts>4</NumElts>
<SGL>
<Name>Red</Name>
<Val>0.00000</Val>
</SGL>
<SGL>
<Name>Green</Name>
<Val>1.00000</Val>
</SGL>
<SGL>
<Name>Blue</Name>
<Val>0.00000</Val>
</SGL>
<SGL>
<Name>Alpha</Name>
<Val>1.00000</Val>
</SGL>
</Cluster>
<Path>
<Name>Model File (.ive)</Name>
<Val></Val>
</Path>
<Path>
<Name>Model File (.stl)</Name>
<Val></Val>
</Path>
<Path>
<Name>Texture File (.png)</Name>
<Val></Val>
</Path>
<String>
<Name>Sub-Space</Name>
<Val></Val>
</String>
<Boolean>
<Name>Kinematic</Name>
<Val>0</Val>
</Boolean>
<Boolean>
<Name>Visible</Name>
<Val>0</Val>
</Boolean>
<U16>
<Name>Draw Mode</Name>
<Val>0</Val>
</U16>
<Refnum>
<Name>3D Object</Name>
<RefKind>LV Object</RefKind>
<RefType>Scene</RefType>
<Val>0x00000000</Val>
</Refnum>
<Refnum>
<Name>ODE Body</Name>
<RefKind>Generic</RefKind>
<RefType>LVODE</RefType>
<Val>0x00000000</Val>
</Refnum>
<Array>
<Name>Visual Model Offset</Name>
<Dimsize>4</Dimsize>
<Dimsize>4</Dimsize>
<SGL>
<Name></Name>
<Val>1.00000</Val>
</SGL>
<SGL>
<Name></Name>
<Val>0.00000</Val>
</SGL>
<SGL>
<Name></Name>
<Val>0.00000</Val>
</SGL>
<SGL>
<Name></Name>
<Val>0.00000</Val>
</SGL>
<SGL>
<Name></Name>
<Val>0.00000</Val>
</SGL>
<SGL>
<Name></Name>
<Val>1.00000</Val>
</SGL>
<SGL>
<Name></Name>
<Val>0.00000</Val>
</SGL>
<SGL>
<Name></Name>
<Val>0.00000</Val>
</SGL>
<SGL>
<Name></Name>
<Val>0.00000</Val>
</SGL>
<SGL>
<Name></Name>
<Val>0.00000</Val>
</SGL>
<SGL>
<Name></Name>
<Val>1.00000</Val>
</SGL>
<SGL>
<Name></Name>
<Val>0.00000</Val>
</SGL>
<SGL>
<Name></Name>
<Val>0.00000</Val>
</SGL>
<SGL>
<Name></Name>
<Val>0.00000</Val>
</SGL>
<SGL>
<Name></Name>
<Val>0.00000</Val>
</SGL>
<SGL>
<Name></Name>
<Val>1.00000</Val>
</SGL>
</Array>
</Cluster>
<Cluster>
<Name>3D_Physics_Cylinder.lvclass</Name>
<NumElts>3</NumElts>
<SGL>
<Name>Height</Name>
<Val>3.00000E-3</Val>
</SGL>
<SGL>
<Name>Radius</Name>
<Val>0.13700</Val>
</SGL>
<Refnum>
<Name>ODE Geometry</Name>
<RefKind>Generic</RefKind>
<RefType>LVODE</RefType>
<Val>0x00000000</Val>
</Refnum>
</Cluster>
</Object>
<U32>
<Name>Sampling Rate</Name>
<Val>100</Val>
</U32>
<SGL>
<Name>Noise</Name>
<Val>0.00000</Val>
</SGL>
<SGL>
<Name>Resolution</Name>
<Val>0.00000</Val>
</SGL>
<EW>
<Name>Attached to Servo</Name>
<Choice>Fixed</Choice>
<Choice>Up Rotate</Choice>
<Choice>Down Rotate</Choice>
<Choice>Customized</Choice>
<Val>0</Val>
</EW>
<Refnum>
<Name>LVODE Refnum</Name>
<RefKind>Generic</RefKind>
<RefType>LVODE</RefType>
<Val>0x00000000</Val>
</Refnum>
</Cluster>
<Cluster>
</Cluster>
</Object>
<Object>
<Name>NI_Robotics_Simulator.lvlib:ODESimulator_Base_Sensor.lvclass</Name>
<NumLevels>2</NumLevels>
<Class>NI_Robotics_Simulator.lvlib:ODESimulator_Bumper.lvclass</Class>
<Version>1.0.0.1</Version>
<Version>1.0.0.8</Version>
<Cluster>
<Name>ODESimulator_Base_Sensor.lvclass</Name>
<NumElts>10</NumElts>
<String>
<Name>ID</Name>
<Val>Bumper_S1</Val>
</String>
<String>
<Name>Type</Name>
<Val></Val>
</String>
<String>
<Name>Owner ID</Name>
<Val>kobukiRobot</Val>
</String>
<String>
<Name>Servo ID</Name>
<Val></Val>
</String>
<Object>
<Name>Base Prop</Name>
<NumLevels>2</NumLevels>
<Class>NI_Robotics_Simulator.lvlib:3D_Physics_Cylinder.lvclass</Class>
<Version>1.0.0.1</Version>
<Version>1.0.0.16</Version>
<Cluster>
<Name>3D_Physics_Base.lvclass</Name>
<NumElts>18</NumElts>
<String>
<Name>ID</Name>
<Val>Bumper_S1</Val>
</String>
<Cluster>
<Name>Position</Name>
<NumElts>3</NumElts>
<SGL>
<Name>X</Name>
<Val>3.00000E-2</Val>
</SGL>
<SGL>
<Name>Y</Name>
<Val>3.00000E-2</Val>
</SGL>
<SGL>
<Name>Z</Name>
<Val>3.70480E-2</Val>
</SGL>
</Cluster>
<Cluster>
<Name>Rotation</Name>
<NumElts>2</NumElts>
<Cluster>
<Name>Axis</Name>
<NumElts>3</NumElts>
<SGL>
<Name>X</Name>
<Val>0.00000</Val>
</SGL>
<SGL>
<Name>Y</Name>
<Val>0.00000</Val>
</SGL>
<SGL>
<Name>Z</Name>
<Val>1.00000</Val>
</SGL>
</Cluster>
<SGL>
<Name>Angle</Name>
<Val>0.00000</Val>
</SGL>
</Cluster>
<SGL>
<Name>Mass</Name>
<Val>0.16100</Val>
</SGL>
<Array>
<Name>Mass Center</Name>
<Dimsize>3</Dimsize>
<SGL>
<Name>num</Name>
<Val>0.00000</Val>
</SGL>
<SGL>
<Name>num</Name>
<Val>0.00000</Val>
</SGL>
<SGL>
<Name>num</Name>
<Val>0.00000</Val>
</SGL>
</Array>
<Array>
<Name>Inertia Matrix</Name>
<Dimsize>3</Dimsize>
<Dimsize>3</Dimsize>
<SGL>
<Name></Name>
<Val>0.00000</Val>
</SGL>
<SGL>
<Name></Name>
<Val>0.00000</Val>
</SGL>
<SGL>
<Name></Name>
<Val>0.00000</Val>
</SGL>
<SGL>
<Name></Name>
<Val>0.00000</Val>
</SGL>
<SGL>
<Name></Name>
<Val>0.00000</Val>
</SGL>
<SGL>
<Name></Name>
<Val>0.00000</Val>
</SGL>
<SGL>
<Name></Name>
<Val>0.00000</Val>
</SGL>
<SGL>
<Name></Name>
<Val>0.00000</Val>
</SGL>
<SGL>
<Name></Name>
<Val>0.00000</Val>
</SGL>
</Array>
<U16>
<Name>Material</Name>
<Val>0</Val>
</U16>
<Cluster>
<Name>Color</Name>
<NumElts>4</NumElts>
<SGL>
<Name>Red</Name>
<Val>0.00000</Val>
</SGL>
<SGL>
<Name>Green</Name>
<Val>1.00000</Val>
</SGL>
<SGL>
<Name>Blue</Name>
<Val>0.00000</Val>
</SGL>
<SGL>
<Name>Alpha</Name>
<Val>1.00000</Val>
</SGL>
</Cluster>
<Path>
<Name>Model File (.ive)</Name>
<Val></Val>
</Path>
<Path>
<Name>Model File (.stl)</Name>
<Val></Val>
</Path>
<Path>
<Name>Texture File (.png)</Name>
<Val></Val>
</Path>
<String>
<Name>Sub-Space</Name>
<Val></Val>
</String>
<Boolean>
<Name>Kinematic</Name>
<Val>0</Val>
</Boolean>
<Boolean>
<Name>Visible</Name>
<Val>0</Val>
</Boolean>
<U16>
<Name>Draw Mode</Name>
<Val>0</Val>
</U16>
<Refnum>
<Name>3D Object</Name>
<RefKind>LV Object</RefKind>
<RefType>Scene</RefType>
<Val>0x00000000</Val>
</Refnum>
<Refnum>
<Name>ODE Body</Name>
<RefKind>Generic</RefKind>
<RefType>LVODE</RefType>
<Val>0x00000000</Val>
</Refnum>
<Array>
<Name>Visual Model Offset</Name>
<Dimsize>4</Dimsize>
<Dimsize>4</Dimsize>
<SGL>
<Name></Name>
<Val>1.00000</Val>
</SGL>
<SGL>
<Name></Name>
<Val>0.00000</Val>
</SGL>
<SGL>
<Name></Name>
<Val>0.00000</Val>
</SGL>
<SGL>
<Name></Name>
<Val>0.00000</Val>
</SGL>
<SGL>
<Name></Name>
<Val>0.00000</Val>
</SGL>
<SGL>
<Name></Name>
<Val>1.00000</Val>
</SGL>
<SGL>
<Name></Name>
<Val>0.00000</Val>
</SGL>
<SGL>
<Name></Name>
<Val>0.00000</Val>
</SGL>
<SGL>
<Name></Name>
<Val>0.00000</Val>
</SGL>
<SGL>
<Name></Name>
<Val>0.00000</Val>
</SGL>
<SGL>
<Name></Name>
<Val>1.00000</Val>
</SGL>
<SGL>
<Name></Name>
<Val>0.00000</Val>
</SGL>
<SGL>
<Name></Name>
<Val>0.00000</Val>
</SGL>
<SGL>
<Name></Name>
<Val>0.00000</Val>
</SGL>
<SGL>
<Name></Name>
<Val>0.00000</Val>
</SGL>
<SGL>
<Name></Name>
<Val>1.00000</Val>
</SGL>
</Array>
</Cluster>
<Cluster>
<Name>3D_Physics_Cylinder.lvclass</Name>
<NumElts>3</NumElts>
<SGL>
<Name>Height</Name>
<Val>3.00000E-3</Val>
</SGL>
<SGL>
<Name>Radius</Name>
<Val>0.13700</Val>
</SGL>
<Refnum>
<Name>ODE Geometry</Name>
<RefKind>Generic</RefKind>
<RefType>LVODE</RefType>
<Val>0x00000000</Val>
</Refnum>
</Cluster>
</Object>
<U32>
<Name>Sampling Rate</Name>
<Val>100</Val>
</U32>
<SGL>
<Name>Noise</Name>
<Val>0.00000</Val>
</SGL>
<SGL>
<Name>Resolution</Name>
<Val>0.00000</Val>
</SGL>
<EW>
<Name>Attached to Servo</Name>
<Choice>Fixed</Choice>
<Choice>Up Rotate</Choice>
<Choice>Down Rotate</Choice>
<Choice>Customized</Choice>
<Val>0</Val>
</EW>
<Refnum>
<Name>LVODE Refnum</Name>
<RefKind>Generic</RefKind>
<RefType>LVODE</RefType>
<Val>0x00000000</Val>
</Refnum>
</Cluster>
<Cluster>
</Cluster>
</Object>
<Object>
<Name>NI_Robotics_Simulator.lvlib:ODESimulator_Base_Sensor.lvclass</Name>
<NumLevels>2</NumLevels>
<Class>NI_Robotics_Simulator.lvlib:ODESimulator_Bumper.lvclass</Class>
<Version>1.0.0.1</Version>
<Version>1.0.0.8</Version>
<Cluster>
<Name>ODESimulator_Base_Sensor.lvclass</Name>
<NumElts>10</NumElts>
<String>
<Name>ID</Name>
<Val>Bumper_S4</Val>
</String>
<String>
<Name>Type</Name>
<Val></Val>
</String>
<String>
<Name>Owner ID</Name>
<Val>kobukiRobot</Val>
</String>
<String>
<Name>Servo ID</Name>
<Val></Val>
</String>
<Object>
<Name>Base Prop</Name>
<NumLevels>2</NumLevels>
<Class>NI_Robotics_Simulator.lvlib:3D_Physics_Cylinder.lvclass</Class>
<Version>1.0.0.1</Version>
<Version>1.0.0.16</Version>
<Cluster>
<Name>3D_Physics_Base.lvclass</Name>
<NumElts>18</NumElts>
<String>
<Name>ID</Name>
<Val>Bumper_S4</Val>
</String>
<Cluster>
<Name>Position</Name>
<NumElts>3</NumElts>
<SGL>
<Name>X</Name>
<Val>0.00000</Val>
</SGL>
<SGL>
<Name>Y</Name>
<Val>5.70000E-2</Val>
</SGL>
<SGL>
<Name>Z</Name>
<Val>3.70480E-2</Val>
</SGL>
</Cluster>
<Cluster>
<Name>Rotation</Name>
<NumElts>2</NumElts>
<Cluster>
<Name>Axis</Name>
<NumElts>3</NumElts>
<SGL>
<Name>X</Name>
<Val>0.00000</Val>
</SGL>
<SGL>
<Name>Y</Name>
<Val>0.00000</Val>
</SGL>
<SGL>
<Name>Z</Name>
<Val>1.00000</Val>
</SGL>
</Cluster>
<SGL>
<Name>Angle</Name>
<Val>0.00000</Val>
</SGL>
</Cluster>
<SGL>
<Name>Mass</Name>
<Val>0.16100</Val>
</SGL>
<Array>
<Name>Mass Center</Name>
<Dimsize>3</Dimsize>
<SGL>
<Name>num</Name>
<Val>0.00000</Val>
</SGL>
<SGL>
<Name>num</Name>
<Val>0.00000</Val>
</SGL>
<SGL>
<Name>num</Name>
<Val>0.00000</Val>
</SGL>
</Array>
<Array>
<Name>Inertia Matrix</Name>
<Dimsize>3</Dimsize>
<Dimsize>3</Dimsize>
<SGL>
<Name></Name>
<Val>0.00000</Val>
</SGL>
<SGL>
<Name></Name>
<Val>0.00000</Val>
</SGL>
<SGL>
<Name></Name>
<Val>0.00000</Val>
</SGL>
<SGL>
<Name></Name>
<Val>0.00000</Val>
</SGL>
<SGL>
<Name></Name>
<Val>0.00000</Val>
</SGL>
<SGL>
<Name></Name>
<Val>0.00000</Val>
</SGL>
<SGL>
<Name></Name>
<Val>0.00000</Val>
</SGL>
<SGL>
<Name></Name>
<Val>0.00000</Val>
</SGL>
<SGL>
<Name></Name>
<Val>0.00000</Val>
</SGL>
</Array>
<U16>
<Name>Material</Name>
<Val>0</Val>
</U16>
<Cluster>
<Name>Color</Name>
<NumElts>4</NumElts>
<SGL>
<Name>Red</Name>
<Val>0.00000</Val>
</SGL>
<SGL>
<Name>Green</Name>
<Val>1.00000</Val>
</SGL>
<SGL>
<Name>Blue</Name>
<Val>0.00000</Val>
</SGL>
<SGL>
<Name>Alpha</Name>
<Val>1.00000</Val>
</SGL>
</Cluster>
<Path>
<Name>Model File (.ive)</Name>
<Val></Val>
</Path>
<Path>
<Name>Model File (.stl)</Name>
<Val></Val>
</Path>
<Path>
<Name>Texture File (.png)</Name>
<Val></Val>
</Path>
<String>
<Name>Sub-Space</Name>
<Val></Val>
</String>
<Boolean>
<Name>Kinematic</Name>
<Val>0</Val>
</Boolean>
<Boolean>
<Name>Visible</Name>
<Val>0</Val>
</Boolean>
<U16>
<Name>Draw Mode</Name>
<Val>0</Val>
</U16>
<Refnum>
<Name>3D Object</Name>
<RefKind>LV Object</RefKind>
<RefType>Scene</RefType>
<Val>0x00000000</Val>
</Refnum>
<Refnum>
<Name>ODE Body</Name>
<RefKind>Generic</RefKind>
<RefType>LVODE</RefType>
<Val>0x00000000</Val>
</Refnum>
<Array>
<Name>Visual Model Offset</Name>
<Dimsize>4</Dimsize>
<Dimsize>4</Dimsize>
<SGL>
<Name></Name>
<Val>1.00000</Val>
</SGL>
<SGL>
<Name></Name>
<Val>0.00000</Val>
</SGL>
<SGL>
<Name></Name>
<Val>0.00000</Val>
</SGL>
<SGL>
<Name></Name>
<Val>0.00000</Val>
</SGL>
<SGL>
<Name></Name>
<Val>0.00000</Val>
</SGL>
<SGL>
<Name></Name>
<Val>1.00000</Val>
</SGL>
<SGL>
<Name></Name>
<Val>0.00000</Val>
</SGL>
<SGL>
<Name></Name>
<Val>0.00000</Val>
</SGL>
<SGL>
<Name></Name>
<Val>0.00000</Val>
</SGL>
<SGL>
<Name></Name>
<Val>0.00000</Val>
</SGL>
<SGL>
<Name></Name>
<Val>1.00000</Val>
</SGL>
<SGL>
<Name></Name>
<Val>0.00000</Val>
</SGL>
<SGL>
<Name></Name>
<Val>0.00000</Val>
</SGL>
<SGL>
<Name></Name>
<Val>0.00000</Val>
</SGL>
<SGL>
<Name></Name>
<Val>0.00000</Val>
</SGL>
<SGL>
<Name></Name>
<Val>1.00000</Val>
</SGL>
</Array>
</Cluster>
<Cluster>
<Name>3D_Physics_Cylinder.lvclass</Name>
<NumElts>3</NumElts>
<SGL>
<Name>Height</Name>
<Val>3.00000E-3</Val>
</SGL>
<SGL>
<Name>Radius</Name>
<Val>0.12500</Val>
</SGL>
<Refnum>
<Name>ODE Geometry</Name>
<RefKind>Generic</RefKind>
<RefType>LVODE</RefType>
<Val>0x00000000</Val>
</Refnum>
</Cluster>
</Object>
<U32>
<Name>Sampling Rate</Name>
<Val>100</Val>
</U32>
<SGL>
<Name>Noise</Name>
<Val>0.00000</Val>
</SGL>
<SGL>
<Name>Resolution</Name>
<Val>0.00000</Val>
</SGL>
<EW>
<Name>Attached to Servo</Name>
<Choice>Fixed</Choice>
<Choice>Up Rotate</Choice>
<Choice>Down Rotate</Choice>
<Choice>Customized</Choice>
<Val>0</Val>
</EW>
<Refnum>
<Name>LVODE Refnum</Name>
<RefKind>Generic</RefKind>
<RefType>LVODE</RefType>
<Val>0x00000000</Val>
</Refnum>
</Cluster>
<Cluster>
</Cluster>
</Object>
</Array>
<Array>
<Name>Components</Name>
<Dimsize>3</Dimsize>
<Object>
<Name>ODE Simulator.lvlib:Base.lvclass</Name>
<NumLevels>2</NumLevels>
<Class>NI_Robotics_Simulator.lvlib:3D_Physics_Cylinder.lvclass</Class>
<Version>1.0.0.1</Version>
<Version>1.0.0.16</Version>
<Cluster>
<Name>3D_Physics_Base.lvclass</Name>
<NumElts>18</NumElts>
<String>
<Name>ID</Name>
<Val>Body Frame</Val>
</String>
<Cluster>
<Name>Position</Name>
<NumElts>3</NumElts>
<SGL>
<Name>X</Name>
<Val>0.00000</Val>
</SGL>
<SGL>
<Name>Y</Name>
<Val>0.00000</Val>
</SGL>
<SGL>
<Name>Z</Name>
<Val>0.00000</Val>
</SGL>
</Cluster>
<Cluster>
<Name>Rotation</Name>
<NumElts>2</NumElts>
<Cluster>
<Name>Axis</Name>
<NumElts>3</NumElts>
<SGL>
<Name>X</Name>
<Val>0.00000</Val>
</SGL>
<SGL>
<Name>Y</Name>
<Val>0.00000</Val>
</SGL>
<SGL>
<Name>Z</Name>
<Val>1.00000</Val>
</SGL>
</Cluster>
<SGL>
<Name>Angle</Name>
<Val>0.00000</Val>
</SGL>
</Cluster>
<SGL>
<Name>Mass</Name>
<Val>2.00000</Val>
</SGL>
<Array>
<Name>Mass Center</Name>
<Dimsize>3</Dimsize>
<SGL>
<Name>num</Name>
<Val>0.00000</Val>
</SGL>
<SGL>
<Name>num</Name>
<Val>0.00000</Val>
</SGL>
<SGL>
<Name>num</Name>
<Val>0.00000</Val>
</SGL>
</Array>
<Array>
<Name>Inertia Matrix</Name>
<Dimsize>3</Dimsize>
<Dimsize>3</Dimsize>
<SGL>
<Name></Name>
<Val>0.00000</Val>
</SGL>
<SGL>
<Name></Name>
<Val>0.00000</Val>
</SGL>
<SGL>
<Name></Name>
<Val>0.00000</Val>
</SGL>
<SGL>
<Name></Name>
<Val>0.00000</Val>
</SGL>
<SGL>
<Name></Name>
<Val>0.00000</Val>
</SGL>
<SGL>
<Name></Name>
<Val>0.00000</Val>
</SGL>
<SGL>
<Name></Name>
<Val>0.00000</Val>
</SGL>
<SGL>
<Name></Name>
<Val>0.00000</Val>
</SGL>
<SGL>
<Name></Name>
<Val>0.00000</Val>
</SGL>
</Array>
<U16>
<Name>Material</Name>
<Val>9</Val>
</U16>
<Cluster>
<Name>Color</Name>
<NumElts>4</NumElts>
<SGL>
<Name>Red</Name>
<Val>0.00000</Val>
</SGL>
<SGL>
<Name>Green</Name>
<Val>1.00000</Val>
</SGL>
<SGL>
<Name>Blue</Name>
<Val>0.00000</Val>
</SGL>
<SGL>
<Name>Alpha</Name>
<Val>1.00000</Val>
</SGL>
</Cluster>
<Path>
<Name>Model File (.ive)</Name>
<Val>kobukiRobotRSC\ive\kobukiBody.ive</Val>
</Path>
<Path>
<Name>Model File (.stl)</Name>
<Val></Val>
</Path>
<Path>
<Name>Texture File (.png)</Name>
<Val></Val>
</Path>
<String>
<Name>Sub-Space</Name>
<Val></Val>
</String>
<Boolean>
<Name>Kinematic</Name>
<Val>0</Val>
</Boolean>
<Boolean>
<Name>Visible</Name>
<Val>1</Val>
</Boolean>
<U16>
<Name>Draw Mode</Name>
<Val>0</Val>
</U16>
<Refnum>
<Name>3D Object</Name>
<RefKind>LV Object</RefKind>
<RefType>Scene</RefType>
<Val>0x00000000</Val>
</Refnum>
<Refnum>
<Name>ODE Body</Name>
<RefKind>Generic</RefKind>
<RefType>LVODE</RefType>
<Val>0x00000000</Val>
</Refnum>
<Array>
<Name>Visual Model Offset</Name>
<Dimsize>4</Dimsize>
<Dimsize>4</Dimsize>
<SGL>
<Name></Name>
<Val>-1.00000</Val>
</SGL>
<SGL>
<Name></Name>
<Val>-8.74228E-8</Val>
</SGL>
<SGL>
<Name></Name>
<Val>-1.28641E-21</Val>
</SGL>
<SGL>
<Name></Name>
<Val>-2.95387E-3</Val>
</SGL>
<SGL>
<Name></Name>
<Val>8.74228E-8</Val>
</SGL>
<SGL>
<Name></Name>
<Val>-1.00000</Val>
</SGL>
<SGL>
<Name></Name>
<Val>0.00000</Val>
</SGL>
<SGL>
<Name></Name>
<Val>-7.58000E-4</Val>
</SGL>
<SGL>
<Name></Name>
<Val>0.00000</Val>
</SGL>
<SGL>
<Name></Name>
<Val>0.00000</Val>
</SGL>
<SGL>
<Name></Name>
<Val>1.00000</Val>
</SGL>
<SGL>
<Name></Name>
<Val>1.20475E-2</Val>
</SGL>
<SGL>
<Name></Name>
<Val>0.00000</Val>
</SGL>
<SGL>
<Name></Name>
<Val>0.00000</Val>
</SGL>
<SGL>
<Name></Name>
<Val>0.00000</Val>
</SGL>
<SGL>
<Name></Name>
<Val>1.00000</Val>
</SGL>
</Array>
</Cluster>
<Cluster>
<Name>3D_Physics_Cylinder.lvclass</Name>
<NumElts>3</NumElts>
<SGL>
<Name>Height</Name>
<Val>6.11890E-2</Val>
</SGL>
<SGL>
<Name>Radius</Name>
<Val>0.16496</Val>
</SGL>
<Refnum>
<Name>ODE Geometry</Name>
<RefKind>Generic</RefKind>
<RefType>LVODE</RefType>
<Val>0x00000000</Val>
</Refnum>
</Cluster>
</Object>
<Object>
<Name>ODE Simulator.lvlib:Base.lvclass</Name>
<NumLevels>2</NumLevels>
<Class>NI_Robotics_Simulator.lvlib:3D_Physics_Cylinder.lvclass</Class>
<Version>1.0.0.1</Version>
<Version>1.0.0.16</Version>
<Cluster>
<Name>3D_Physics_Base.lvclass</Name>
<NumElts>18</NumElts>
<String>
<Name>ID</Name>
<Val>Wheel_Right</Val>
</String>
<Cluster>
<Name>Position</Name>
<NumElts>3</NumElts>
<SGL>
<Name>X</Name>
<Val>0.10000</Val>
</SGL>
<SGL>
<Name>Y</Name>
<Val>-7.58000E-4</Val>
</SGL>
<SGL>
<Name>Z</Name>
<Val>-2.79520E-2</Val>
</SGL>
</Cluster>
<Cluster>
<Name>Rotation</Name>
<NumElts>2</NumElts>
<Cluster>
<Name>Axis</Name>
<NumElts>3</NumElts>
<SGL>
<Name>X</Name>
<Val>1.54228E-8</Val>
</SGL>
<SGL>
<Name>Y</Name>
<Val>1.00000</Val>
</SGL>
<SGL>
<Name>Z</Name>
<Val>-1.54228E-8</Val>
</SGL>
</Cluster>
<SGL>
<Name>Angle</Name>
<Val>1.57080</Val>
</SGL>
</Cluster>
<SGL>
<Name>Mass</Name>
<Val>0.20000</Val>
</SGL>
<Array>
<Name>Mass Center</Name>
<Dimsize>3</Dimsize>
<SGL>
<Name>num</Name>
<Val>0.00000</Val>
</SGL>
<SGL>
<Name>num</Name>
<Val>0.00000</Val>
</SGL>
<SGL>
<Name>num</Name>
<Val>0.00000</Val>
</SGL>
</Array>
<Array>
<Name>Inertia Matrix</Name>
<Dimsize>3</Dimsize>
<Dimsize>3</Dimsize>
<SGL>
<Name></Name>
<Val>0.00000</Val>
</SGL>
<SGL>
<Name></Name>
<Val>0.00000</Val>
</SGL>
<SGL>
<Name></Name>
<Val>0.00000</Val>
</SGL>
<SGL>
<Name></Name>
<Val>0.00000</Val>
</SGL>
<SGL>
<Name></Name>
<Val>0.00000</Val>
</SGL>
<SGL>
<Name></Name>
<Val>0.00000</Val>
</SGL>
<SGL>
<Name></Name>
<Val>0.00000</Val>
</SGL>
<SGL>
<Name></Name>
<Val>0.00000</Val>
</SGL>
<SGL>
<Name></Name>
<Val>0.00000</Val>
</SGL>
</Array>
<U16>
<Name>Material</Name>
<Val>9</Val>
</U16>
<Cluster>
<Name>Color</Name>
<NumElts>4</NumElts>
<SGL>
<Name>Red</Name>
<Val>0.00000</Val>
</SGL>
<SGL>
<Name>Green</Name>
<Val>1.00000</Val>
</SGL>
<SGL>
<Name>Blue</Name>
<Val>0.00000</Val>
</SGL>
<SGL>
<Name>Alpha</Name>
<Val>1.00000</Val>
</SGL>
</Cluster>
<Path>
<Name>Model File (.ive)</Name>
<Val>kobukiRobotRSC\ive\side_wheel.ive</Val>
</Path>
<Path>
<Name>Model File (.stl)</Name>
<Val></Val>
</Path>
<Path>
<Name>Texture File (.png)</Name>
<Val></Val>
</Path>
<String>
<Name>Sub-Space</Name>
<Val></Val>
</String>
<Boolean>
<Name>Kinematic</Name>
<Val>0</Val>
</Boolean>
<Boolean>
<Name>Visible</Name>
<Val>1</Val>
</Boolean>
<U16>
<Name>Draw Mode</Name>
<Val>0</Val>
</U16>
<Refnum>
<Name>3D Object</Name>
<RefKind>LV Object</RefKind>
<RefType>Scene</RefType>
<Val>0x00000000</Val>
</Refnum>
<Refnum>
<Name>ODE Body</Name>
<RefKind>Generic</RefKind>
<RefType>LVODE</RefType>
<Val>0x00000000</Val>
</Refnum>
<Array>
<Name>Visual Model Offset</Name>
<Dimsize>4</Dimsize>
<Dimsize>4</Dimsize>
<SGL>
<Name></Name>
<Val>1.00000</Val>
</SGL>
<SGL>
<Name></Name>
<Val>8.74228E-8</Val>
</SGL>
<SGL>
<Name></Name>
<Val>0.00000</Val>
</SGL>
<SGL>
<Name></Name>
<Val>0.00000</Val>
</SGL>
<SGL>
<Name></Name>
<Val>-8.74228E-8</Val>
</SGL>
<SGL>
<Name></Name>
<Val>1.00000</Val>
</SGL>
<SGL>
<Name></Name>
<Val>0.00000</Val>
</SGL>
<SGL>
<Name></Name>
<Val>0.00000</Val>
</SGL>
<SGL>
<Name></Name>
<Val>0.00000</Val>
</SGL>
<SGL>
<Name></Name>
<Val>0.00000</Val>
</SGL>
<SGL>
<Name></Name>
<Val>1.00000</Val>
</SGL>
<SGL>
<Name></Name>
<Val>0.00000</Val>
</SGL>
<SGL>
<Name></Name>
<Val>0.00000</Val>
</SGL>
<SGL>
<Name></Name>
<Val>0.00000</Val>
</SGL>
<SGL>
<Name></Name>
<Val>0.00000</Val>
</SGL>
<SGL>
<Name></Name>
<Val>1.00000</Val>
</SGL>
</Array>
</Cluster>
<Cluster>
<Name>3D_Physics_Cylinder.lvclass</Name>
<NumElts>3</NumElts>
<SGL>
<Name>Height</Name>
<Val>2.28600E-2</Val>
</SGL>
<SGL>
<Name>Radius</Name>
<Val>3.17500E-2</Val>
</SGL>
<Refnum>
<Name>ODE Geometry</Name>
<RefKind>Generic</RefKind>
<RefType>LVODE</RefType>
<Val>0x00000000</Val>
</Refnum>
</Cluster>
</Object>
<Object>
<Name>ODE Simulator.lvlib:Base.lvclass</Name>
<NumLevels>2</NumLevels>
<Class>NI_Robotics_Simulator.lvlib:3D_Physics_Cylinder.lvclass</Class>
<Version>1.0.0.1</Version>
<Version>1.0.0.16</Version>
<Cluster>
<Name>3D_Physics_Base.lvclass</Name>
<NumElts>18</NumElts>
<String>
<Name>ID</Name>
<Val>Wheel_Left</Val>
</String>
<Cluster>
<Name>Position</Name>
<NumElts>3</NumElts>
<SGL>
<Name>X</Name>
<Val>-0.11500</Val>
</SGL>
<SGL>
<Name>Y</Name>
<Val>0.00000</Val>
</SGL>
<SGL>
<Name>Z</Name>
<Val>-2.79520E-2</Val>
</SGL>
</Cluster>
<Cluster>
<Name>Rotation</Name>
<NumElts>2</NumElts>
<Cluster>
<Name>Axis</Name>
<NumElts>3</NumElts>
<SGL>
<Name>X</Name>
<Val>9.03997E-8</Val>
</SGL>
<SGL>
<Name>Y</Name>
<Val>-1.00000</Val>
</SGL>
<SGL>
<Name>Z</Name>
<Val>9.03997E-8</Val>
</SGL>
</Cluster>
<SGL>
<Name>Angle</Name>
<Val>1.57080</Val>
</SGL>
</Cluster>
<SGL>
<Name>Mass</Name>
<Val>0.20000</Val>
</SGL>
<Array>
<Name>Mass Center</Name>
<Dimsize>3</Dimsize>
<SGL>
<Name>num</Name>
<Val>0.00000</Val>
</SGL>
<SGL>
<Name>num</Name>
<Val>0.00000</Val>
</SGL>
<SGL>
<Name>num</Name>
<Val>0.00000</Val>
</SGL>
</Array>
<Array>
<Name>Inertia Matrix</Name>
<Dimsize>3</Dimsize>
<Dimsize>3</Dimsize>
<SGL>
<Name></Name>
<Val>0.00000</Val>
</SGL>
<SGL>
<Name></Name>
<Val>0.00000</Val>
</SGL>
<SGL>
<Name></Name>
<Val>0.00000</Val>
</SGL>
<SGL>
<Name></Name>
<Val>0.00000</Val>
</SGL>
<SGL>
<Name></Name>
<Val>0.00000</Val>
</SGL>
<SGL>
<Name></Name>
<Val>0.00000</Val>
</SGL>
<SGL>
<Name></Name>
<Val>0.00000</Val>
</SGL>
<SGL>
<Name></Name>
<Val>0.00000</Val>
</SGL>
<SGL>
<Name></Name>
<Val>0.00000</Val>
</SGL>
</Array>
<U16>
<Name>Material</Name>
<Val>9</Val>
</U16>
<Cluster>
<Name>Color</Name>
<NumElts>4</NumElts>
<SGL>
<Name>Red</Name>
<Val>0.00000</Val>
</SGL>
<SGL>
<Name>Green</Name>
<Val>1.00000</Val>
</SGL>
<SGL>
<Name>Blue</Name>
<Val>0.00000</Val>
</SGL>
<SGL>
<Name>Alpha</Name>
<Val>1.00000</Val>
</SGL>
</Cluster>
<Path>
<Name>Model File (.ive)</Name>
<Val>kobukiRobotRSC\ive\side_wheel.ive</Val>
</Path>
<Path>
<Name>Model File (.stl)</Name>
<Val></Val>
</Path>
<Path>
<Name>Texture File (.png)</Name>
<Val></Val>
</Path>
<String>
<Name>Sub-Space</Name>
<Val></Val>
</String>
<Boolean>
<Name>Kinematic</Name>
<Val>0</Val>
</Boolean>
<Boolean>
<Name>Visible</Name>
<Val>1</Val>
</Boolean>
<U16>
<Name>Draw Mode</Name>
<Val>0</Val>
</U16>
<Refnum>
<Name>3D Object</Name>
<RefKind>LV Object</RefKind>
<RefType>Scene</RefType>
<Val>0x00000000</Val>
</Refnum>
<Refnum>
<Name>ODE Body</Name>
<RefKind>Generic</RefKind>
<RefType>LVODE</RefType>
<Val>0x00000000</Val>
</Refnum>
<Array>
<Name>Visual Model Offset</Name>
<Dimsize>4</Dimsize>
<Dimsize>4</Dimsize>
<SGL>
<Name></Name>
<Val>-1.00000</Val>
</SGL>
<SGL>
<Name></Name>
<Val>-8.74228E-8</Val>
</SGL>
<SGL>
<Name></Name>
<Val>0.00000</Val>
</SGL>
<SGL>
<Name></Name>
<Val>0.00000</Val>
</SGL>
<SGL>
<Name></Name>
<Val>8.74228E-8</Val>
</SGL>
<SGL>
<Name></Name>
<Val>-1.00000</Val>
</SGL>
<SGL>
<Name></Name>
<Val>0.00000</Val>
</SGL>
<SGL>
<Name></Name>
<Val>0.00000</Val>
</SGL>
<SGL>
<Name></Name>
<Val>0.00000</Val>
</SGL>
<SGL>
<Name></Name>
<Val>0.00000</Val>
</SGL>
<SGL>
<Name></Name>
<Val>1.00000</Val>
</SGL>
<SGL>
<Name></Name>
<Val>-1.14300E-2</Val>
</SGL>
<SGL>
<Name></Name>
<Val>0.00000</Val>
</SGL>
<SGL>
<Name></Name>
<Val>0.00000</Val>
</SGL>
<SGL>
<Name></Name>
<Val>0.00000</Val>
</SGL>
<SGL>
<Name></Name>
<Val>1.00000</Val>
</SGL>
</Array>
</Cluster>
<Cluster>
<Name>3D_Physics_Cylinder.lvclass</Name>
<NumElts>3</NumElts>
<SGL>
<Name>Height</Name>
<Val>2.28600E-2</Val>
</SGL>
<SGL>
<Name>Radius</Name>
<Val>3.17500E-2</Val>
</SGL>
<Refnum>
<Name>ODE Geometry</Name>
<RefKind>Generic</RefKind>
<RefType>LVODE</RefType>
<Val>0x00000000</Val>
</Refnum>
</Cluster>
</Object>
</Array>
<Array>
<Name>Motors</Name>
<Dimsize>2</Dimsize>
<Object>
<Name>ODE Simulator.lvlib:Motor.lvclass</Name>
<NumLevels>1</NumLevels>
<Class>NI_Robotics_Simulator.lvlib:ODESimulator_Motor.lvclass</Class>
<Version>1.0.0.9</Version>
<Cluster>
<Name>ODESimulator_Motor.lvclass</Name>
<NumElts>4</NumElts>
<String>
<Name>ID</Name>
<Val>Motor_Right</Val>
</String>
<Array>
<Name>Joints</Name>
<Dimsize>1</Dimsize>
<Cluster>
<Name>Rate Joint</Name>
<NumElts>4</NumElts>
<String>
<Name>ID</Name>
<Val>Joint_J0</Val>
</String>
<DBL>
<Name>Rate</Name>
<Val>2.00000000000000</Val>
</DBL>
<EW>
<Name>Axis</Name>
<Choice>Axis1</Choice>
<Choice>Axis2</Choice>
<Choice>Axis3</Choice>
<Val>0</Val>
</EW>
<Refnum>
<Name>LVODE Joint</Name>
<RefKind>Generic</RefKind>
<RefType>LVODE</RefType>
<Val>0x00000000</Val>
</Refnum>
</Cluster>
</Array>
<Refnum>
<Name>Motor Controller</Name>
<RefKind>Generic</RefKind>
<RefType>LVODE</RefType>
<Val>0x00000000</Val>
</Refnum>
<Refnum>
<Name>Encoder</Name>
<RefKind>Generic</RefKind>
<RefType>LVODE</RefType>
<Val>0x00000000</Val>
</Refnum>
</Cluster>
</Object>
<Object>
<Name>ODE Simulator.lvlib:Motor.lvclass</Name>
<NumLevels>1</NumLevels>
<Class>NI_Robotics_Simulator.lvlib:ODESimulator_Motor.lvclass</Class>
<Version>1.0.0.9</Version>
<Cluster>
<Name>ODESimulator_Motor.lvclass</Name>
<NumElts>4</NumElts>
<String>
<Name>ID</Name>
<Val>Motor_Left</Val>
</String>
<Array>
<Name>Joints</Name>
<Dimsize>1</Dimsize>
<Cluster>
<Name>Rate Joint</Name>
<NumElts>4</NumElts>
<String>
<Name>ID</Name>
<Val>Joint_J1</Val>
</String>
<DBL>
<Name>Rate</Name>
<Val>2.00000000000000</Val>
</DBL>
<EW>
<Name>Axis</Name>
<Choice>Axis1</Choice>
<Choice>Axis2</Choice>
<Choice>Axis3</Choice>
<Val>0</Val>
</EW>
<Refnum>
<Name>LVODE Joint</Name>
<RefKind>Generic</RefKind>
<RefType>LVODE</RefType>
<Val>0x00000000</Val>
</Refnum>
</Cluster>
</Array>
<Refnum>
<Name>Motor Controller</Name>
<RefKind>Generic</RefKind>
<RefType>LVODE</RefType>
<Val>0x00000000</Val>
</Refnum>
<Refnum>
<Name>Encoder</Name>
<RefKind>Generic</RefKind>
<RefType>LVODE</RefType>
<Val>0x00000000</Val>
</Refnum>
</Cluster>
</Object>
</Array>
<Array>
<Name>Joints</Name>
<Dimsize>11</Dimsize>
<Object>
<Name>NI_Robotics_Simulator.lvlib:ODESimulator_Joint.lvclass</Name>
<NumLevels>1</NumLevels>
<Class>NI_Robotics_Simulator.lvlib:ODESimulator_Joint.lvclass</Class>
<Version>1.0.0.19</Version>
<Cluster>
<Name>ODESimulator_Joint.lvclass</Name>
<NumElts>13</NumElts>
<String>
<Name>ID</Name>
<Val>Joint_J5</Val>
</String>
<EW>
<Name>Type</Name>
<Choice>Ball</Choice>
<Choice>Hinge</Choice>
<Choice>Slider</Choice>
<Choice>Universal</Choice>
<Choice>Hinge2</Choice>
<Choice>PR</Choice>
<Choice>PU</Choice>
<Choice>Piston</Choice>
<Choice>Fixed</Choice>
<Choice>Null</Choice>
<Val>1</Val>
</EW>
<Cluster>
<Name>Position</Name>
<NumElts>3</NumElts>
<SGL>
<Name>X</Name>
<Val>0.13705</Val>
</SGL>
<SGL>
<Name>Y</Name>
<Val>0.10000</Val>
</SGL>
<SGL>
<Name>Z</Name>
<Val>1.00000E-2</Val>
</SGL>
</Cluster>
<Cluster>
<Name>Rotation</Name>
<NumElts>2</NumElts>
<Cluster>
<Name>Axis</Name>
<NumElts>3</NumElts>
<SGL>
<Name>X</Name>
<Val>6.04222E-8</Val>
</SGL>
<SGL>
<Name>Y</Name>
<Val>-0.70711</Val>
</SGL>
<SGL>
<Name>Z</Name>
<Val>0.70711</Val>
</SGL>
</Cluster>
<SGL>
<Name>Angle</Name>
<Val>3.14159</Val>
</SGL>
</Cluster>
<DBL>
<Name>Scale</Name>
<Val>2.00000000000000E-2</Val>
</DBL>
<Array>
<Name>Components ID</Name>
<Dimsize>2</Dimsize>
<String>
<Name>String</Name>
<Val>Body Frame</Val>
</String>
<String>
<Name>String</Name>
<Val>Cliff_Sensor_Right</Val>
</String>
</Array>
<String>
<Name>Parameters</Name>
<Val>[FMax]	2.5
[Fudge Factor]	1
[Bounce]	0
[CFM]	0.00001
[Lo Stop]	-Inf
[Hi Stop]	Inf
[Stop ERP]	0.6
[Stop CFM]	0.00001
							</Val>
</String>
<U16>
<Name>Draw Mode</Name>
<Val>0</Val>
</U16>
<Refnum>
<Name>3D Object</Name>
<RefKind>LV Object</RefKind>
<RefType>Scene</RefType>
<Val>0x00000000</Val>
</Refnum>
<Refnum>
<Name>LVODE Refnum</Name>
<RefKind>Generic</RefKind>
<RefType>LVODE</RefType>
<Val>0x00000000</Val>
</Refnum>
<Boolean>
<Name>Feedback</Name>
<Val>0</Val>
</Boolean>
<Refnum>
<Name>LVODE ForceSensor Refnum</Name>
<RefKind>Generic</RefKind>
<RefType>LVODE</RefType>
<Val>0x00000000</Val>
</Refnum>
<U16>
<Name>ExtendType</Name>
<Val>0</Val>
</U16>
</Cluster>
</Object>
<Object>
<Name>NI_Robotics_Simulator.lvlib:ODESimulator_Joint.lvclass</Name>
<NumLevels>1</NumLevels>
<Class>NI_Robotics_Simulator.lvlib:ODESimulator_Joint.lvclass</Class>
<Version>1.0.0.19</Version>
<Cluster>
<Name>ODESimulator_Joint.lvclass</Name>
<NumElts>13</NumElts>
<String>
<Name>ID</Name>
<Val>Joint_J6</Val>
</String>
<EW>
<Name>Type</Name>
<Choice>Ball</Choice>
<Choice>Hinge</Choice>
<Choice>Slider</Choice>
<Choice>Universal</Choice>
<Choice>Hinge2</Choice>
<Choice>PR</Choice>
<Choice>PU</Choice>
<Choice>Piston</Choice>
<Choice>Fixed</Choice>
<Choice>Null</Choice>
<Val>1</Val>
</EW>
<Cluster>
<Name>Position</Name>
<NumElts>3</NumElts>
<SGL>
<Name>X</Name>
<Val>0.00000</Val>
</SGL>
<SGL>
<Name>Y</Name>
<Val>0.18000</Val>
</SGL>
<SGL>
<Name>Z</Name>
<Val>1.00000E-2</Val>
</SGL>
</Cluster>
<Cluster>
<Name>Rotation</Name>
<NumElts>2</NumElts>
<Cluster>
<Name>Axis</Name>
<NumElts>3</NumElts>
<SGL>
<Name>X</Name>
<Val>6.04222E-8</Val>
</SGL>
<SGL>
<Name>Y</Name>
<Val>-0.70711</Val>
</SGL>
<SGL>
<Name>Z</Name>
<Val>0.70711</Val>
</SGL>
</Cluster>
<SGL>
<Name>Angle</Name>
<Val>3.14159</Val>
</SGL>
</Cluster>
<DBL>
<Name>Scale</Name>
<Val>2.00000000000000E-2</Val>
</DBL>
<Array>
<Name>Components ID</Name>
<Dimsize>2</Dimsize>
<String>
<Name>String</Name>
<Val>Body Frame</Val>
</String>
<String>
<Name>String</Name>
<Val>Cliff_Sensor_Center</Val>
</String>
</Array>
<String>
<Name>Parameters</Name>
<Val>[FMax]	2.5
[Fudge Factor]	1
[Bounce]	0
[CFM]	0.00001
[Lo Stop]	-Inf
[Hi Stop]	Inf
[Stop ERP]	0.6
[Stop CFM]	0.00001
							</Val>
</String>
<U16>
<Name>Draw Mode</Name>
<Val>0</Val>
</U16>
<Refnum>
<Name>3D Object</Name>
<RefKind>LV Object</RefKind>
<RefType>Scene</RefType>
<Val>0x00000000</Val>
</Refnum>
<Refnum>
<Name>LVODE Refnum</Name>
<RefKind>Generic</RefKind>
<RefType>LVODE</RefType>
<Val>0x00000000</Val>
</Refnum>
<Boolean>
<Name>Feedback</Name>
<Val>0</Val>
</Boolean>
<Refnum>
<Name>LVODE ForceSensor Refnum</Name>
<RefKind>Generic</RefKind>
<RefType>LVODE</RefType>
<Val>0x00000000</Val>
</Refnum>
<U16>
<Name>ExtendType</Name>
<Val>0</Val>
</U16>
</Cluster>
</Object>
<Object>
<Name>NI_Robotics_Simulator.lvlib:ODESimulator_Joint.lvclass</Name>
<NumLevels>1</NumLevels>
<Class>NI_Robotics_Simulator.lvlib:ODESimulator_Joint.lvclass</Class>
<Version>1.0.0.19</Version>
<Cluster>
<Name>ODESimulator_Joint.lvclass</Name>
<NumElts>13</NumElts>
<String>
<Name>ID</Name>
<Val>Joint_J7</Val>
</String>
<EW>
<Name>Type</Name>
<Choice>Ball</Choice>
<Choice>Hinge</Choice>
<Choice>Slider</Choice>
<Choice>Universal</Choice>
<Choice>Hinge2</Choice>
<Choice>PR</Choice>
<Choice>PU</Choice>
<Choice>Piston</Choice>
<Choice>Fixed</Choice>
<Choice>Null</Choice>
<Val>1</Val>
</EW>
<Cluster>
<Name>Position</Name>
<NumElts>3</NumElts>
<SGL>
<Name>X</Name>
<Val>-0.13000</Val>
</SGL>
<SGL>
<Name>Y</Name>
<Val>0.10000</Val>
</SGL>
<SGL>
<Name>Z</Name>
<Val>1.00000E-2</Val>
</SGL>
</Cluster>
<Cluster>
<Name>Rotation</Name>
<NumElts>2</NumElts>
<Cluster>
<Name>Axis</Name>
<NumElts>3</NumElts>
<SGL>
<Name>X</Name>
<Val>6.65928E-8</Val>
</SGL>
<SGL>
<Name>Y</Name>
<Val>-0.70711</Val>
</SGL>
<SGL>
<Name>Z</Name>
<Val>0.70711</Val>
</SGL>
</Cluster>
<SGL>
<Name>Angle</Name>
<Val>3.14159</Val>
</SGL>
</Cluster>
<DBL>
<Name>Scale</Name>
<Val>2.00000000000000E-2</Val>
</DBL>
<Array>
<Name>Components ID</Name>
<Dimsize>2</Dimsize>
<String>
<Name>String</Name>
<Val>Body Frame</Val>
</String>
<String>
<Name>String</Name>
<Val>Cliff_Sensor_Left</Val>
</String>
</Array>
<String>
<Name>Parameters</Name>
<Val>[FMax]	2.5
[Fudge Factor]	1
[Bounce]	0
[CFM]	0.00001
[Lo Stop]	-Inf
[Hi Stop]	Inf
[Stop ERP]	0.6
[Stop CFM]	0.00001
							</Val>
</String>
<U16>
<Name>Draw Mode</Name>
<Val>0</Val>
</U16>
<Refnum>
<Name>3D Object</Name>
<RefKind>LV Object</RefKind>
<RefType>Scene</RefType>
<Val>0x00000000</Val>
</Refnum>
<Refnum>
<Name>LVODE Refnum</Name>
<RefKind>Generic</RefKind>
<RefType>LVODE</RefType>
<Val>0x00000000</Val>
</Refnum>
<Boolean>
<Name>Feedback</Name>
<Val>0</Val>
</Boolean>
<Refnum>
<Name>LVODE ForceSensor Refnum</Name>
<RefKind>Generic</RefKind>
<RefType>LVODE</RefType>
<Val>0x00000000</Val>
</Refnum>
<U16>
<Name>ExtendType</Name>
<Val>0</Val>
</U16>
</Cluster>
</Object>
<Object>
<Name>NI_Robotics_Simulator.lvlib:ODESimulator_Joint.lvclass</Name>
<NumLevels>1</NumLevels>
<Class>NI_Robotics_Simulator.lvlib:ODESimulator_Joint.lvclass</Class>
<Version>1.0.0.19</Version>
<Cluster>
<Name>ODESimulator_Joint.lvclass</Name>
<NumElts>13</NumElts>
<String>
<Name>ID</Name>
<Val>Joint_J13</Val>
</String>
<EW>
<Name>Type</Name>
<Choice>Ball</Choice>
<Choice>Hinge</Choice>
<Choice>Slider</Choice>
<Choice>Universal</Choice>
<Choice>Hinge2</Choice>
<Choice>PR</Choice>
<Choice>PU</Choice>
<Choice>Piston</Choice>
<Choice>Fixed</Choice>
<Choice>Null</Choice>
<Val>1</Val>
</EW>
<Cluster>
<Name>Position</Name>
<NumElts>3</NumElts>
<SGL>
<Name>X</Name>
<Val>-2.95400E-3</Val>
</SGL>
<SGL>
<Name>Y</Name>
<Val>-7.58000E-4</Val>
</SGL>
<SGL>
<Name>Z</Name>
<Val>2.04800E-3</Val>
</SGL>
</Cluster>
<Cluster>
<Name>Rotation</Name>
<NumElts>2</NumElts>
<Cluster>
<Name>Axis</Name>
<NumElts>3</NumElts>
<SGL>
<Name>X</Name>
<Val>-1.05367E-8</Val>
</SGL>
<SGL>
<Name>Y</Name>
<Val>-1.33562E-14</Val>
</SGL>
<SGL>
<Name>Z</Name>
<Val>1.00000</Val>
</SGL>
</Cluster>
<SGL>
<Name>Angle</Name>
<Val>3.14159</Val>
</SGL>
</Cluster>
<DBL>
<Name>Scale</Name>
<Val>2.00000014156103E-2</Val>
</DBL>
<Array>
<Name>Components ID</Name>
<Dimsize>2</Dimsize>
<String>
<Name>String</Name>
<Val>Body Frame</Val>
</String>
<String>
<Name>String</Name>
<Val>Accelerometer_S0</Val>
</String>
</Array>
<String>
<Name>Parameters</Name>
<Val>[FMax]	2.5
[Fudge Factor]	1
[Bounce]	0
[CFM]	0.00001
[Lo Stop]	-Inf
[Hi Stop]	Inf
[Stop ERP]	0.6
[Stop CFM]	0.00001
							</Val>
</String>
<U16>
<Name>Draw Mode</Name>
<Val>0</Val>
</U16>
<Refnum>
<Name>3D Object</Name>
<RefKind>LV Object</RefKind>
<RefType>Scene</RefType>
<Val>0x00000000</Val>
</Refnum>
<Refnum>
<Name>LVODE Refnum</Name>
<RefKind>Generic</RefKind>
<RefType>LVODE</RefType>
<Val>0x00000000</Val>
</Refnum>
<Boolean>
<Name>Feedback</Name>
<Val>0</Val>
</Boolean>
<Refnum>
<Name>LVODE ForceSensor Refnum</Name>
<RefKind>Generic</RefKind>
<RefType>LVODE</RefType>
<Val>0x00000000</Val>
</Refnum>
<U16>
<Name>ExtendType</Name>
<Val>0</Val>
</U16>
</Cluster>
</Object>
<Object>
<Name>NI_Robotics_Simulator.lvlib:ODESimulator_Joint.lvclass</Name>
<NumLevels>1</NumLevels>
<Class>NI_Robotics_Simulator.lvlib:ODESimulator_Joint.lvclass</Class>
<Version>1.0.0.19</Version>
<Cluster>
<Name>ODESimulator_Joint.lvclass</Name>
<NumElts>13</NumElts>
<String>
<Name>ID</Name>
<Val>Joint_J0</Val>
</String>
<EW>
<Name>Type</Name>
<Choice>Ball</Choice>
<Choice>Hinge</Choice>
<Choice>Slider</Choice>
<Choice>Universal</Choice>
<Choice>Hinge2</Choice>
<Choice>PR</Choice>
<Choice>PU</Choice>
<Choice>Piston</Choice>
<Choice>Fixed</Choice>
<Choice>Null</Choice>
<Val>1</Val>
</EW>
<Cluster>
<Name>Position</Name>
<NumElts>3</NumElts>
<SGL>
<Name>X</Name>
<Val>0.10000</Val>
</SGL>
<SGL>
<Name>Y</Name>
<Val>-7.57501E-4</Val>
</SGL>
<SGL>
<Name>Z</Name>
<Val>-2.79520E-2</Val>
</SGL>
</Cluster>
<Cluster>
<Name>Rotation</Name>
<NumElts>2</NumElts>
<Cluster>
<Name>Axis</Name>
<NumElts>3</NumElts>
<SGL>
<Name>X</Name>
<Val>1.51088E-8</Val>
</SGL>
<SGL>
<Name>Y</Name>
<Val>1.00000</Val>
</SGL>
<SGL>
<Name>Z</Name>
<Val>-1.51088E-8</Val>
</SGL>
</Cluster>
<SGL>
<Name>Angle</Name>
<Val>1.57080</Val>
</SGL>
</Cluster>
<DBL>
<Name>Scale</Name>
<Val>0.68580400000000</Val>
</DBL>
<Array>
<Name>Components ID</Name>
<Dimsize>2</Dimsize>
<String>
<Name>String</Name>
<Val>Body Frame</Val>
</String>
<String>
<Name>String</Name>
<Val>Wheel_Right</Val>
</String>
</Array>
<String>
<Name>Parameters</Name>
<Val>[FMax]	2.5
[Fudge Factor]	0.1
[Bounce]	0
[CFM]	0.001
[Lo Stop]	-Inf
[Hi Stop]	Inf
[Stop ERP]	0.8
[Stop CFM]	0.001
							</Val>
</String>
<U16>
<Name>Draw Mode</Name>
<Val>0</Val>
</U16>
<Refnum>
<Name>3D Object</Name>
<RefKind>LV Object</RefKind>
<RefType>Scene</RefType>
<Val>0x00000000</Val>
</Refnum>
<Refnum>
<Name>LVODE Refnum</Name>
<RefKind>Generic</RefKind>
<RefType>LVODE</RefType>
<Val>0x00000000</Val>
</Refnum>
<Boolean>
<Name>Feedback</Name>
<Val>0</Val>
</Boolean>
<Refnum>
<Name>LVODE ForceSensor Refnum</Name>
<RefKind>Generic</RefKind>
<RefType>LVODE</RefType>
<Val>0x00000000</Val>
</Refnum>
<U16>
<Name>ExtendType</Name>
<Val>0</Val>
</U16>
</Cluster>
</Object>
<Object>
<Name>NI_Robotics_Simulator.lvlib:ODESimulator_Joint.lvclass</Name>
<NumLevels>1</NumLevels>
<Class>NI_Robotics_Simulator.lvlib:ODESimulator_Joint.lvclass</Class>
<Version>1.0.0.19</Version>
<Cluster>
<Name>ODESimulator_Joint.lvclass</Name>
<NumElts>13</NumElts>
<String>
<Name>ID</Name>
<Val>Joint_J1</Val>
</String>
<EW>
<Name>Type</Name>
<Choice>Ball</Choice>
<Choice>Hinge</Choice>
<Choice>Slider</Choice>
<Choice>Universal</Choice>
<Choice>Hinge2</Choice>
<Choice>PR</Choice>
<Choice>PU</Choice>
<Choice>Piston</Choice>
<Choice>Fixed</Choice>
<Choice>Null</Choice>
<Val>1</Val>
</EW>
<Cluster>
<Name>Position</Name>
<NumElts>3</NumElts>
<SGL>
<Name>X</Name>
<Val>-0.11500</Val>
</SGL>
<SGL>
<Name>Y</Name>
<Val>0.00000</Val>
</SGL>
<SGL>
<Name>Z</Name>
<Val>-2.79520E-2</Val>
</SGL>
</Cluster>
<Cluster>
<Name>Rotation</Name>
<NumElts>2</NumElts>
<Cluster>
<Name>Axis</Name>
<NumElts>3</NumElts>
<SGL>
<Name>X</Name>
<Val>8.89547E-8</Val>
</SGL>
<SGL>
<Name>Y</Name>
<Val>-1.00000</Val>
</SGL>
<SGL>
<Name>Z</Name>
<Val>8.89547E-8</Val>
</SGL>
</Cluster>
<SGL>
<Name>Angle</Name>
<Val>1.57080</Val>
</SGL>
</Cluster>
<DBL>
<Name>Scale</Name>
<Val>0.45720500000000</Val>
</DBL>
<Array>
<Name>Components ID</Name>
<Dimsize>2</Dimsize>
<String>
<Name>String</Name>
<Val>Body Frame</Val>
</String>
<String>
<Name>String</Name>
<Val>Wheel_Left</Val>
</String>
</Array>
<String>
<Name>Parameters</Name>
<Val>[FMax]	2.5
[Fudge Factor]	0.1
[Bounce]	0
[CFM]	0.001
[Lo Stop]	-Inf
[Hi Stop]	Inf
[Stop ERP]	0.8
[Stop CFM]	0.001
							</Val>
</String>
<U16>
<Name>Draw Mode</Name>
<Val>0</Val>
</U16>
<Refnum>
<Name>3D Object</Name>
<RefKind>LV Object</RefKind>
<RefType>Scene</RefType>
<Val>0x00000000</Val>
</Refnum>
<Refnum>
<Name>LVODE Refnum</Name>
<RefKind>Generic</RefKind>
<RefType>LVODE</RefType>
<Val>0x00000000</Val>
</Refnum>
<Boolean>
<Name>Feedback</Name>
<Val>0</Val>
</Boolean>
<Refnum>
<Name>LVODE ForceSensor Refnum</Name>
<RefKind>Generic</RefKind>
<RefType>LVODE</RefType>
<Val>0x00000000</Val>
</Refnum>
<U16>
<Name>ExtendType</Name>
<Val>0</Val>
</U16>
</Cluster>
</Object>
<Object>
<Name>NI_Robotics_Simulator.lvlib:ODESimulator_Joint.lvclass</Name>
<NumLevels>1</NumLevels>
<Class>NI_Robotics_Simulator.lvlib:ODESimulator_Joint.lvclass</Class>
<Version>1.0.0.19</Version>
<Cluster>
<Name>ODESimulator_Joint.lvclass</Name>
<NumElts>13</NumElts>
<String>
<Name>ID</Name>
<Val>Joint_J9</Val>
</String>
<EW>
<Name>Type</Name>
<Choice>Ball</Choice>
<Choice>Hinge</Choice>
<Choice>Slider</Choice>
<Choice>Universal</Choice>
<Choice>Hinge2</Choice>
<Choice>PR</Choice>
<Choice>PU</Choice>
<Choice>Piston</Choice>
<Choice>Fixed</Choice>
<Choice>Null</Choice>
<Val>1</Val>
</EW>
<Cluster>
<Name>Position</Name>
<NumElts>3</NumElts>
<SGL>
<Name>X</Name>
<Val>-0.14295</Val>
</SGL>
<SGL>
<Name>Y</Name>
<Val>-7.58000E-4</Val>
</SGL>
<SGL>
<Name>Z</Name>
<Val>-5.84520E-2</Val>
</SGL>
</Cluster>
<Cluster>
<Name>Rotation</Name>
<NumElts>2</NumElts>
<Cluster>
<Name>Axis</Name>
<NumElts>3</NumElts>
<SGL>
<Name>X</Name>
<Val>0.00000</Val>
</SGL>
<SGL>
<Name>Y</Name>
<Val>0.00000</Val>
</SGL>
<SGL>
<Name>Z</Name>
<Val>1.00000</Val>
</SGL>
</Cluster>
<SGL>
<Name>Angle</Name>
<Val>0.00000</Val>
</SGL>
</Cluster>
<DBL>
<Name>Scale</Name>
<Val>5.99999725818634E-2</Val>
</DBL>
<Array>
<Name>Components ID</Name>
<Dimsize>2</Dimsize>
<String>
<Name>String</Name>
<Val>Body Frame</Val>
</String>
<String>
<Name>String</Name>
<Val>Bumper_S2</Val>
</String>
</Array>
<String>
<Name>Parameters</Name>
<Val>[FMax]	2.5
[Fudge Factor]	0.1
[Bounce]	0
[CFM]	0.001
[Lo Stop]	-Inf
[Hi Stop]	Inf
[Stop ERP]	0.8
[Stop CFM]	0.001
							</Val>
</String>
<U16>
<Name>Draw Mode</Name>
<Val>0</Val>
</U16>
<Refnum>
<Name>3D Object</Name>
<RefKind>LV Object</RefKind>
<RefType>Scene</RefType>
<Val>0x00000000</Val>
</Refnum>
<Refnum>
<Name>LVODE Refnum</Name>
<RefKind>Generic</RefKind>
<RefType>LVODE</RefType>
<Val>0x00000000</Val>
</Refnum>
<Boolean>
<Name>Feedback</Name>
<Val>0</Val>
</Boolean>
<Refnum>
<Name>LVODE ForceSensor Refnum</Name>
<RefKind>Generic</RefKind>
<RefType>LVODE</RefType>
<Val>0x00000000</Val>
</Refnum>
<U16>
<Name>ExtendType</Name>
<Val>0</Val>
</U16>
</Cluster>
</Object>
<Object>
<Name>NI_Robotics_Simulator.lvlib:ODESimulator_Joint.lvclass</Name>
<NumLevels>1</NumLevels>
<Class>NI_Robotics_Simulator.lvlib:ODESimulator_Joint.lvclass</Class>
<Version>1.0.0.19</Version>
<Cluster>
<Name>ODESimulator_Joint.lvclass</Name>
<NumElts>13</NumElts>
<String>
<Name>ID</Name>
<Val>Joint_J10</Val>
</String>
<EW>
<Name>Type</Name>
<Choice>Ball</Choice>
<Choice>Hinge</Choice>
<Choice>Slider</Choice>
<Choice>Universal</Choice>
<Choice>Hinge2</Choice>
<Choice>PR</Choice>
<Choice>PU</Choice>
<Choice>Piston</Choice>
<Choice>Fixed</Choice>
<Choice>Null</Choice>
<Val>1</Val>
</EW>
<Cluster>
<Name>Position</Name>
<NumElts>3</NumElts>
<SGL>
<Name>X</Name>
<Val>0.12704</Val>
</SGL>
<SGL>
<Name>Y</Name>
<Val>-7.57501E-4</Val>
</SGL>
<SGL>
<Name>Z</Name>
<Val>-5.84520E-2</Val>
</SGL>
</Cluster>
<Cluster>
<Name>Rotation</Name>
<NumElts>2</NumElts>
<Cluster>
<Name>Axis</Name>
<NumElts>3</NumElts>
<SGL>
<Name>X</Name>
<Val>0.00000</Val>
</SGL>
<SGL>
<Name>Y</Name>
<Val>0.00000</Val>
</SGL>
<SGL>
<Name>Z</Name>
<Val>1.00000</Val>
</SGL>
</Cluster>
<SGL>
<Name>Angle</Name>
<Val>0.00000</Val>
</SGL>
</Cluster>
<DBL>
<Name>Scale</Name>
<Val>5.99999725818634E-2</Val>
</DBL>
<Array>
<Name>Components ID</Name>
<Dimsize>2</Dimsize>
<String>
<Name>String</Name>
<Val>Body Frame</Val>
</String>
<String>
<Name>String</Name>
<Val>Bumper_S3</Val>
</String>
</Array>
<String>
<Name>Parameters</Name>
<Val>[FMax]	2.5
[Fudge Factor]	0.1
[Bounce]	0
[CFM]	0.001
[Lo Stop]	-Inf
[Hi Stop]	Inf
[Stop ERP]	0.8
[Stop CFM]	0.001
							</Val>
</String>
<U16>
<Name>Draw Mode</Name>
<Val>0</Val>
</U16>
<Refnum>
<Name>3D Object</Name>
<RefKind>LV Object</RefKind>
<RefType>Scene</RefType>
<Val>0x00000000</Val>
</Refnum>
<Refnum>
<Name>LVODE Refnum</Name>
<RefKind>Generic</RefKind>
<RefType>LVODE</RefType>
<Val>0x00000000</Val>
</Refnum>
<Boolean>
<Name>Feedback</Name>
<Val>0</Val>
</Boolean>
<Refnum>
<Name>LVODE ForceSensor Refnum</Name>
<RefKind>Generic</RefKind>
<RefType>LVODE</RefType>
<Val>0x00000000</Val>
</Refnum>
<U16>
<Name>ExtendType</Name>
<Val>0</Val>
</U16>
</Cluster>
</Object>
<Object>
<Name>NI_Robotics_Simulator.lvlib:ODESimulator_Joint.lvclass</Name>
<NumLevels>1</NumLevels>
<Class>NI_Robotics_Simulator.lvlib:ODESimulator_Joint.lvclass</Class>
<Version>1.0.0.19</Version>
<Cluster>
<Name>ODESimulator_Joint.lvclass</Name>
<NumElts>13</NumElts>
<String>
<Name>ID</Name>
<Val>Joint_J4</Val>
</String>
<EW>
<Name>Type</Name>
<Choice>Ball</Choice>
<Choice>Hinge</Choice>
<Choice>Slider</Choice>
<Choice>Universal</Choice>
<Choice>Hinge2</Choice>
<Choice>PR</Choice>
<Choice>PU</Choice>
<Choice>Piston</Choice>
<Choice>Fixed</Choice>
<Choice>Null</Choice>
<Val>1</Val>
</EW>
<Cluster>
<Name>Position</Name>
<NumElts>3</NumElts>
<SGL>
<Name>X</Name>
<Val>-3.00000E-2</Val>
</SGL>
<SGL>
<Name>Y</Name>
<Val>3.00000E-2</Val>
</SGL>
<SGL>
<Name>Z</Name>
<Val>3.70480E-2</Val>
</SGL>
</Cluster>
<Cluster>
<Name>Rotation</Name>
<NumElts>2</NumElts>
<Cluster>
<Name>Axis</Name>
<NumElts>3</NumElts>
<SGL>
<Name>X</Name>
<Val>0.00000</Val>
</SGL>
<SGL>
<Name>Y</Name>
<Val>0.00000</Val>
</SGL>
<SGL>
<Name>Z</Name>
<Val>1.00000</Val>
</SGL>
</Cluster>
<SGL>
<Name>Angle</Name>
<Val>0.00000</Val>
</SGL>
</Cluster>
<DBL>
<Name>Scale</Name>
<Val>0.20000000298023</Val>
</DBL>
<Array>
<Name>Components ID</Name>
<Dimsize>2</Dimsize>
<String>
<Name>String</Name>
<Val>Body Frame</Val>
</String>
<String>
<Name>String</Name>
<Val>Bumper_S0</Val>
</String>
</Array>
<String>
<Name>Parameters</Name>
<Val>[FMax]	2.5
[Fudge Factor]	0.1
[Bounce]	0
[CFM]	0.001
[Lo Stop]	-Inf
[Hi Stop]	Inf
[Stop ERP]	0.8
[Stop CFM]	0.001
							</Val>
</String>
<U16>
<Name>Draw Mode</Name>
<Val>0</Val>
</U16>
<Refnum>
<Name>3D Object</Name>
<RefKind>LV Object</RefKind>
<RefType>Scene</RefType>
<Val>0x00000000</Val>
</Refnum>
<Refnum>
<Name>LVODE Refnum</Name>
<RefKind>Generic</RefKind>
<RefType>LVODE</RefType>
<Val>0x00000000</Val>
</Refnum>
<Boolean>
<Name>Feedback</Name>
<Val>0</Val>
</Boolean>
<Refnum>
<Name>LVODE ForceSensor Refnum</Name>
<RefKind>Generic</RefKind>
<RefType>LVODE</RefType>
<Val>0x00000000</Val>
</Refnum>
<U16>
<Name>ExtendType</Name>
<Val>0</Val>
</U16>
</Cluster>
</Object>
<Object>
<Name>NI_Robotics_Simulator.lvlib:ODESimulator_Joint.lvclass</Name>
<NumLevels>1</NumLevels>
<Class>NI_Robotics_Simulator.lvlib:ODESimulator_Joint.lvclass</Class>
<Version>1.0.0.19</Version>
<Cluster>
<Name>ODESimulator_Joint.lvclass</Name>
<NumElts>13</NumElts>
<String>
<Name>ID</Name>
<Val>Joint_J8</Val>
</String>
<EW>
<Name>Type</Name>
<Choice>Ball</Choice>
<Choice>Hinge</Choice>
<Choice>Slider</Choice>
<Choice>Universal</Choice>
<Choice>Hinge2</Choice>
<Choice>PR</Choice>
<Choice>PU</Choice>
<Choice>Piston</Choice>
<Choice>Fixed</Choice>
<Choice>Null</Choice>
<Val>1</Val>
</EW>
<Cluster>
<Name>Position</Name>
<NumElts>3</NumElts>
<SGL>
<Name>X</Name>
<Val>3.00000E-2</Val>
</SGL>
<SGL>
<Name>Y</Name>
<Val>3.00000E-2</Val>
</SGL>
<SGL>
<Name>Z</Name>
<Val>3.70480E-2</Val>
</SGL>
</Cluster>
<Cluster>
<Name>Rotation</Name>
<NumElts>2</NumElts>
<Cluster>
<Name>Axis</Name>
<NumElts>3</NumElts>
<SGL>
<Name>X</Name>
<Val>0.00000</Val>
</SGL>
<SGL>
<Name>Y</Name>
<Val>0.00000</Val>
</SGL>
<SGL>
<Name>Z</Name>
<Val>1.00000</Val>
</SGL>
</Cluster>
<SGL>
<Name>Angle</Name>
<Val>0.00000</Val>
</SGL>
</Cluster>
<DBL>
<Name>Scale</Name>
<Val>0.20000000000000</Val>
</DBL>
<Array>
<Name>Components ID</Name>
<Dimsize>2</Dimsize>
<String>
<Name>String</Name>
<Val>Body Frame</Val>
</String>
<String>
<Name>String</Name>
<Val>Bumper_S1</Val>
</String>
</Array>
<String>
<Name>Parameters</Name>
<Val>[FMax]	2.5
[Fudge Factor]	0.1
[Bounce]	0
[CFM]	0.001
[Lo Stop]	-Inf
[Hi Stop]	Inf
[Stop ERP]	0.8
[Stop CFM]	0.001
							</Val>
</String>
<U16>
<Name>Draw Mode</Name>
<Val>0</Val>
</U16>
<Refnum>
<Name>3D Object</Name>
<RefKind>LV Object</RefKind>
<RefType>Scene</RefType>
<Val>0x00000000</Val>
</Refnum>
<Refnum>
<Name>LVODE Refnum</Name>
<RefKind>Generic</RefKind>
<RefType>LVODE</RefType>
<Val>0x00000000</Val>
</Refnum>
<Boolean>
<Name>Feedback</Name>
<Val>0</Val>
</Boolean>
<Refnum>
<Name>LVODE ForceSensor Refnum</Name>
<RefKind>Generic</RefKind>
<RefType>LVODE</RefType>
<Val>0x00000000</Val>
</Refnum>
<U16>
<Name>ExtendType</Name>
<Val>0</Val>
</U16>
</Cluster>
</Object>
<Object>
<Name>NI_Robotics_Simulator.lvlib:ODESimulator_Joint.lvclass</Name>
<NumLevels>1</NumLevels>
<Class>NI_Robotics_Simulator.lvlib:ODESimulator_Joint.lvclass</Class>
<Version>1.0.0.19</Version>
<Cluster>
<Name>ODESimulator_Joint.lvclass</Name>
<NumElts>13</NumElts>
<String>
<Name>ID</Name>
<Val>Joint_J11</Val>
</String>
<EW>
<Name>Type</Name>
<Choice>Ball</Choice>
<Choice>Hinge</Choice>
<Choice>Slider</Choice>
<Choice>Universal</Choice>
<Choice>Hinge2</Choice>
<Choice>PR</Choice>
<Choice>PU</Choice>
<Choice>Piston</Choice>
<Choice>Fixed</Choice>
<Choice>Null</Choice>
<Val>1</Val>
</EW>
<Cluster>
<Name>Position</Name>
<NumElts>3</NumElts>
<SGL>
<Name>X</Name>
<Val>0.00000</Val>
</SGL>
<SGL>
<Name>Y</Name>
<Val>5.70000E-2</Val>
</SGL>
<SGL>
<Name>Z</Name>
<Val>3.70480E-2</Val>
</SGL>
</Cluster>
<Cluster>
<Name>Rotation</Name>
<NumElts>2</NumElts>
<Cluster>
<Name>Axis</Name>
<NumElts>3</NumElts>
<SGL>
<Name>X</Name>
<Val>0.00000</Val>
</SGL>
<SGL>
<Name>Y</Name>
<Val>0.00000</Val>
</SGL>
<SGL>
<Name>Z</Name>
<Val>1.00000</Val>
</SGL>
</Cluster>
<SGL>
<Name>Angle</Name>
<Val>0.00000</Val>
</SGL>
</Cluster>
<DBL>
<Name>Scale</Name>
<Val>0.20000000298023</Val>
</DBL>
<Array>
<Name>Components ID</Name>
<Dimsize>2</Dimsize>
<String>
<Name>String</Name>
<Val>Body Frame</Val>
</String>
<String>
<Name>String</Name>
<Val>Bumper_S4</Val>
</String>
</Array>
<String>
<Name>Parameters</Name>
<Val>[FMax]	2.5
[Fudge Factor]	0.1
[Bounce]	0
[CFM]	0.001
[Lo Stop]	-Inf
[Hi Stop]	Inf
[Stop ERP]	0.8
[Stop CFM]	0.001
							</Val>
</String>
<U16>
<Name>Draw Mode</Name>
<Val>0</Val>
</U16>
<Refnum>
<Name>3D Object</Name>
<RefKind>LV Object</RefKind>
<RefType>Scene</RefType>
<Val>0x00000000</Val>
</Refnum>
<Refnum>
<Name>LVODE Refnum</Name>
<RefKind>Generic</RefKind>
<RefType>LVODE</RefType>
<Val>0x00000000</Val>
</Refnum>
<Boolean>
<Name>Feedback</Name>
<Val>0</Val>
</Boolean>
<Refnum>
<Name>LVODE ForceSensor Refnum</Name>
<RefKind>Generic</RefKind>
<RefType>LVODE</RefType>
<Val>0x00000000</Val>
</Refnum>
<U16>
<Name>ExtendType</Name>
<Val>0</Val>
</U16>
</Cluster>
</Object>
</Array>
<Refnum>
<Name>3D Object</Name>
<RefKind>LV Object</RefKind>
<RefType>Scene</RefType>
<Val>0x00000000</Val>
</Refnum>
<Refnum>
<Name>Body</Name>
<RefKind>Generic</RefKind>
<RefType>LVODE</RefType>
<Val>0x00000000</Val>
</Refnum>
<U16>
<Name>Draw Mode</Name>
<Val>0</Val>
</U16>
<Array>
<Name>Conveyors</Name>
<Dimsize>0</Dimsize>
<Object>
<Name>NI_Robotics_Simulator.lvlib:ODESimulator_Base_Conveyor.lvclass</Name>
</Object>
</Array>
</Cluster>
</Object>
</LVData>